Name;Url;Size in acres;Price in USD;Location;Regione
Windermere;https://www.privateislandsonline.com/caribbean/bahamas/eleuthera/windermere;Acres not available;Price not available;Country not available;Country not available
Amillarah Private Islands;https://www.privateislandsonline.com/asia/maldives/amillarah-private-islands;Acres not available;Price not available;Country not available;Country not available
Jost Van Dyke;https://www.privateislandsonline.com/caribbean/british-virgin-islands/jost-van-dyke;Acres not available;Price not available;Country not available;Country not available
The Ocean Flower;https://www.privateislandsonline.com/asia/maldives/the-ocean-flower;Acres not available;Price not available;Country not available;Country not available
The World Islands - Dubai;https://www.privateislandsonline.com/asia/united-arab-emirates/the-world-islands-dubai;Acres not available;Price not available;Country not available;Country not available
Amilla Maldives Resort and Residences;https://www.privateislandsonline.com/asia/maldives/amilla-maldives;Acres not available;Price not available;Country not available;Country not available
Villa Innocence;https://www.privateislandsonline.com/caribbean/british-virgin-islands/villa-innocence;Acres not available;Price not available;Country not available;Country not available
Sea Palms Beachfront Villa;https://www.privateislandsonline.com/caribbean/british-virgin-islands/sea-palms-beachfront-villa;Acres not available;Price not available;Country not available;Country not available
Pretty Joe Rock;https://www.privateislandsonline.com/united-states/florida/pretty-joe-rock;Acres not available;Price not available;Country not available;Country not available
Saint Marys Island;https://www.privateislandsonline.com/united-states/newyork/saint-marys-island;Acres not available;Price not available;Country not available;Country not available
Phuket Island Villas;https://www.privateislandsonline.com/asia/thailand/phuket-island-villas;Acres not available;Price not available;Country not available;Country not available
Quiet Cove Key;https://www.privateislandsonline.com/united-states/florida/quiet-cove-key2;Acres not available;Price not available;Country not available;Country not available
Mouse Island;https://www.privateislandsonline.com/united-states/connecticut/mouse-island;Acres not available;Price not available;Country not available;Country not available
Papoose Island;https://www.privateislandsonline.com/united-states/newyork/papoose-island;Acres not available;Price not available;Country not available;Country not available
Sapodilla Cayes;https://www.privateislandsonline.com/central-america/belize/sapodilla-cayes;Acres not available;Price not available;Country not available;Country not available
Inis Saimer Island;https://www.privateislandsonline.com/europe/ireland/inis-saimer-island;Acres not available;Price not available;Country not available;Country not available
Isla Carabana Sol;https://www.privateislandsonline.com/central-america/panama/isla-carabana-sol;Acres not available;Price not available;Country not available;Country not available
Steele Island;https://www.privateislandsonline.com/canada/ontario/steele-island-ontario;Acres not available;Price not available;Country not available;Country not available
Farolan Island;https://www.privateislandsonline.com/asia/philippines/farolan-island;Acres not available;Price not available;Country not available;Country not available
Sunset Island;https://www.privateislandsonline.com/central-america/belize/sunset-island;Acres not available;Price not available;Country not available;Country not available
Long Caye Island Property;https://www.privateislandsonline.com/central-america/belize/long-caye-island-property;Acres not available;Price not available;Country not available;Country not available
Seliu Island Plots;https://www.privateislandsonline.com/asia/indonesia/seliu-island-plots;Acres not available;Price not available;Country not available;Country not available
Beachfront Lot on Long Caye;https://www.privateislandsonline.com/central-america/belize/beachfront-lot-on-long-caye;Acres not available;Price not available;Country not available;Country not available
Ginger Island;https://www.privateislandsonline.com/caribbean/british-virgin-islands/ginger-island;258; Under Contract;British Virgin Islands, Caribbean; Caribbean
Big Sampson Cay;https://www.privateislandsonline.com/caribbean/bahamas/the-exumas/big-sampson-cay;121; Under Contract;The Exumas, Bahamas, Caribbean; Caribbean
Elizabeth Island Property;https://www.privateislandsonline.com/caribbean/bahamas/the-exumas/elizabeth-island-property;38; Under Contract;The Exumas, Bahamas, Caribbean; Caribbean
Elizabeth Island Property;https://www.privateislandsonline.com/caribbean/bahamas/the-exumas/elizabeth-island-property;38; Under Contract;The Exumas, Bahamas, Caribbean; Caribbean
Young Island Resort;https://www.privateislandsonline.com/caribbean/st-vincent-and-the-grenadines/young-island-resort;13; Under Contract;SVG, Caribbean; Caribbean
Jim Cay;https://www.privateislandsonline.com/caribbean/bahamas/the-exumas/jim-cay;8; Under Contract;The Exumas, Bahamas, Caribbean; Caribbean
Nanukulevu Island;https://www.privateislandsonline.com/south-pacific/fiji/nanukulevu-island;13; Under Contract;Fiji, South Pacific; South Pacific
Motu Teta Rangiroa;https://www.privateislandsonline.com/south-pacific/frenchpolynesia/motu-teta-rangiroa;10; Under Contract;French Polynesia, South Pacific; South Pacific
Isla Gallina;https://www.privateislandsonline.com/central-america/panama/isla-gallina-panama;22; Under Contract;Panama, Central America; Central America
4 Lower Little Island;https://www.privateislandsonline.com/united-states/newjersey/4-lower-little-island;6; Under Contract;New Jersey, United States; United States
Casa Brisa by the Sea;https://www.privateislandsonline.com/central-america/belize/casa-brisa;3; Under Contract;Belize, Central America; Central America
1.2-acre Island off Hopkins;https://www.privateislandsonline.com/central-america/belize/1-2-acre-island-off-hopkins;1; Under Contract;Belize, Central America; Central America
Spectabilis Island;https://www.privateislandsonline.com/caribbean/bahamas/the-exumas/spectabilis-island;460; Sold;The Exumas, Bahamas, Caribbean; Caribbean
Pelican Island;https://www.privateislandsonline.com/caribbean/antigua/pelican-islandsold;32; Sold;Antigua, Caribbean; Caribbean
Mowat Island;https://www.privateislandsonline.com/canada/ontario/georgian-bay/mowat-island;11; Sold;Georgian Bay, Ontario, Canada; Canada
Barne's Island;https://www.privateislandsonline.com/canada/ontario/eastern-ontario/barnes-island;4; Sold;Eastern Ontario, Ontario, Canada; Canada
Little Sampson Cay;https://www.privateislandsonline.com/caribbean/bahamas/the-exumas/little-sampson-cay;32; Sold;The Exumas, Bahamas, Caribbean; Caribbean
Walker's Cay;https://www.privateislandsonline.com/caribbean/bahamas/the-abacos/walkers-cay;58; Sold;The Abacos, Bahamas, Caribbean; Caribbean
Pepin Island;https://www.privateislandsonline.com/south-pacific/newzealand/pepin-island;1280; Sold;New Zealand, South Pacific; South Pacific
Blue Island;https://www.privateislandsonline.com/caribbean/bahamas/the-exumas/blue-island;700; Sold;The Exumas, Bahamas, Caribbean; Caribbean
Pebble Island;https://www.privateislandsonline.com/south-america/falklands/pebble-island;26247; Sold;Falkland Islands, South America; South America
Bonefish Cay 13.5-acres;https://www.privateislandsonline.com/caribbean/bahamas/the-abacos/bonefish-cay-13-5-acres;14; Sold;The Abacos, Bahamas, Caribbean; Caribbean
Sandy Cay;https://www.privateislandsonline.com/caribbean/bahamas/the-abacos/sandy-cay-bahamas;8; Sold;The Abacos, Bahamas, Caribbean; Caribbean
Rai Ki Wai Estate;https://www.privateislandsonline.com/south-pacific/fiji/rai-ki-wai-estatesold;47; Sold;Fiji, South Pacific; South Pacific
Maosonon Island;https://www.privateislandsonline.com/asia/philippines/maosonon-island;112; Sold;Philippines, Asia; Asia
Johnny's Cay;https://www.privateislandsonline.com/caribbean/bahamas/the-abacos/johnnys-caydown;4; Sold;The Abacos, Bahamas, Caribbean; Caribbean
Sear Island;https://www.privateislandsonline.com/canada/britishcolumbia/sear-island;28; Sold;British Columbia, Canada; Canada
Manta Caye;https://www.privateislandsonline.com/central-america/belize/manta-caye;8; Sold;Belize, Central America; Central America
Casco Bay Island;https://www.privateislandsonline.com/united-states/maine/casco-bay-island-maine;41; Sold;Maine, United States; United States
Shelter Island Estate;https://www.privateislandsonline.com/united-states/montana/shelter-island-estate;22; Sold;Montana, United States; United States
Hood Island;https://www.privateislandsonline.com/canada/britishcolumbia/hood-island;4; Sold;British Columbia, Canada; Canada
Big Fish Cay;https://www.privateislandsonline.com/caribbean/bahamas/the-abacos/big-fish-cay;55; Sold;The Abacos, Bahamas, Caribbean; Caribbean
Golden Pavilion;https://www.privateislandsonline.com/caribbean/british-virgin-islands/golden-pavilion;4; Sold;British Virgin Islands, Caribbean; Caribbean
Spanish Lookout Caye ;https://www.privateislandsonline.com/central-america/belize/spanish-lookout-caye;186; Sold;Belize, Central America; Central America
La Patella;https://www.privateislandsonline.com/caribbean/bahamas/la-patella;1; Sold;Bahamas, Caribbean; Caribbean
Wild Berry Cay;https://www.privateislandsonline.com/caribbean/bahamas/the-berry-islands/wild-berry-cay;100; Sold;The Berry Islands, Bahamas, Caribbean; Caribbean
Turtle Island Australia;https://www.privateislandsonline.com/south-pacific/australia/turtle-island-australia;23; Sold;Australia, South Pacific; South Pacific
267 Acres with a Private Lake;https://www.privateislandsonline.com/canada/ontario/267-acres-with-a-private-lake;267; Sold;Ontario , Canada; Canada
Pavis Island;https://www.privateislandsonline.com/canada/ontario/georgian-bay/pavis-island;11; Sold;Georgian Bay, Ontario, Canada; Canada
Scott Island;https://www.privateislandsonline.com/canada/britishcolumbia/scott-island;5; Sold;British Columbia, Canada; Canada
Moho Caye;https://www.privateislandsonline.com/central-america/belize/moho-caye-1;8; Sold;Belize, Central America; Central America
Fairview Island;https://www.privateislandsonline.com/canada/ontario/muskoka/fairview-island1;20; Sold;Muskoka, Ontario, Canada; Canada
Sandy Cay;https://www.privateislandsonline.com/caribbean/bahamas/sandy-cay;7; Sold;Bahamas, Caribbean; Caribbean
Victoria Point Cays;https://www.privateislandsonline.com/caribbean/bahamas/andros/victoria-point-cays-1;10; Sold;Andros, Bahamas, Caribbean; Caribbean
Turn Island;https://www.privateislandsonline.com/canada/britishcolumbia/turn-island;82; Sold;British Columbia, Canada; Canada
Jesse Island;https://www.privateislandsonline.com/canada/britishcolumbia/jesse-island;9; Sold;British Columbia, Canada; Canada
Vigur Island;https://www.privateislandsonline.com/europe/iceland/vigur-island;111; Sold;Iceland, Europe; Europe
Crescent Island;https://www.privateislandsonline.com/united-states/florida/crescent-island;4; Sold;Florida, United States; United States
Bull Island;https://www.privateislandsonline.com/canada/britishcolumbia/bull-island;175; Sold;British Columbia, Canada; Canada
Lobster Island;https://www.privateislandsonline.com/caribbean/bahamas/eleuthera/lobsterisland;3; Sold;Eleuthera, Bahamas, Caribbean; Caribbean
Eshpabekong Island Archipelago;https://www.privateislandsonline.com/canada/ontario/georgian-bay/eshpabekong-island-archipelago;17; Sold;Georgian Bay, Ontario, Canada; Canada
Colson Caye;https://www.privateislandsonline.com/central-america/belize/colson-caye;4; Sold;Belize, Central America; Central America
West Trail Island;https://www.privateislandsonline.com/canada/britishcolumbia/west-trail-island;16; Sold;British Columbia, Canada; Canada
Moffat Island;https://www.privateislandsonline.com/canada/ontario/georgian-bay/moffat-island;2; Sold;Georgian Bay, Ontario, Canada; Canada
Goat Island;https://www.privateislandsonline.com/canada/britishcolumbia/goat-island;12; Sold;British Columbia, Canada; Canada
Loggerhead Caye;https://www.privateislandsonline.com/central-america/belize/loggerhead-caye;6; Sold;Belize, Central America; Central America
Blanchette Island;https://www.privateislandsonline.com/canada/ontario/georgian-bay/blanchette-island;5; Sold;Georgian Bay, Ontario, Canada; Canada
West Ballenas Island;https://www.privateislandsonline.com/canada/britishcolumbia/west-ballenas-island;100; Sold;British Columbia, Canada; Canada
Castaway Island;https://www.privateislandsonline.com/south-pacific/vanuatu/castaway-island;2; Sold;Vanuatu, South Pacific; South Pacific
Delhaven Island;https://www.privateislandsonline.com/canada/ontario/georgian-bay/delhaven-island;16; Sold;Georgian Bay, Ontario, Canada; Canada
Go Home Bay;https://www.privateislandsonline.com/canada/ontario/georgian-bay/go-home-bay;4; Sold;Georgian Bay, Ontario, Canada; Canada
Halibut Island;https://www.privateislandsonline.com/canada/britishcolumbia/halibut-island;10; Sold;British Columbia, Canada; Canada
Squaw Island;https://www.privateislandsonline.com/united-states/michigan/squaw-island-1;69; Sold;Michigan, United States; United States
Casco Bay Island;https://www.privateislandsonline.com/canada/newbrunswick/casco-bay-island;41; Sold;New Brunswick, Canada; Canada
Navy's Acre Island;https://www.privateislandsonline.com/canada/ontario/georgian-bay/navys-acre-island;2; Sold;Georgian Bay, Ontario, Canada; Canada
Blue Island, Nova Scotia;https://www.privateislandsonline.com/canada/novascotia/blue-island-nova-scotia;188; Sold;Nova Scotia, Canada; Canada
Belle Island;https://www.privateislandsonline.com/united-states/newyork/belle-island;2; Sold;New York, United States; United States
Sheep Island, British Columbia;https://www.privateislandsonline.com/canada/britishcolumbia/sheep-island-british-columbia;8; Sold;British Columbia, Canada; Canada
South Octopus Island;https://www.privateislandsonline.com/canada/britishcolumbia/south-octopus-island;50; Sold;British Columbia, Canada; Canada
Dolphin Jump Key;https://www.privateislandsonline.com/united-states/florida/dolphin-jump-key-for-sale;1; Sold;Florida, United States; United States
Julia Island;https://www.privateislandsonline.com/canada/britishcolumbia/julia-island;7; Sold;British Columbia, Canada; Canada
Kangaroo Island;https://www.privateislandsonline.com/south-pacific/australia/kangaroo-island;410; Sold;Australia, South Pacific; South Pacific
Hatobanari Island;https://www.privateislandsonline.com/asia/japan/hatobanari-island;2; Sold;Japan , Asia; Asia
Fish Bladder Island;https://www.privateislandsonline.com/united-states/vermont/fish-bladder-island;12; Sold;Vermont, United States; United States
Manchee Island;https://www.privateislandsonline.com/canada/ontario/georgian-bay/manchee-island;5; Sold;Georgian Bay, Ontario, Canada; Canada
Katinka Island;https://www.privateislandsonline.com/united-states/wisconsin/katinka-island;5; Sold;Wisconsin, United States; United States
Island C-935;https://www.privateislandsonline.com/canada/ontario/georgian-bay/island-c-935;5; Sold;Georgian Bay, Ontario, Canada; Canada
The Pines Island;https://www.privateislandsonline.com/canada/ontario/georgian-bay/the-pines-island;28; Sold;Georgian Bay, Ontario, Canada; Canada
Island of Sirens;https://www.privateislandsonline.com/europe/italy/island-of-sirens;1; Sold;Italy, Europe; Europe
Jelina Island;https://www.privateislandsonline.com/canada/britishcolumbia/jelina-island;7; Sold;British Columbia, Canada; Canada
Prince Cay;https://www.privateislandsonline.com/caribbean/bahamas/prince-cay;9; Sold;Bahamas, Caribbean; Caribbean
The Tryon Islands;https://www.privateislandsonline.com/canada/ontario/georgian-bay/the-tryon-islands;6; Sold;Georgian Bay, Ontario, Canada; Canada
Lily Island;https://www.privateislandsonline.com/canada/britishcolumbia/lily-island;8; Sold;British Columbia, Canada; Canada
Kanadeio Island;https://www.privateislandsonline.com/canada/ontario/georgian-bay/kanadeio-island;1; Sold;Georgian Bay, Ontario, Canada; Canada
Lower Harbour Cay;https://www.privateislandsonline.com/caribbean/bahamas/new-providence/lower-harbour-cay;5; Sold;New Providence, Caribbean, Bahamas; Bahamas
Bell Island;https://www.privateislandsonline.com/united-states/washington/bell-island;5; Sold;Washington, United States; United States
Yellow Rock Island;https://www.privateislandsonline.com/south-pacific/australia/yellow-rock-island;330; Sold;Australia, South Pacific; South Pacific
Reef Islands;https://www.privateislandsonline.com/south-pacific/vanuatu/reef-islands-1;237; Sold;Vanuatu, South Pacific; South Pacific
Johnston Island;https://www.privateislandsonline.com/united-states/maine/johnston-island;12; Sold;Maine, United States; United States
Heather Island;https://www.privateislandsonline.com/united-states/florida/heather-island;157; Sold;Florida, United States; United States
McLaren Island;https://www.privateislandsonline.com/canada/ontario/georgian-bay/mclaren-island;2; Sold;Georgian Bay, Ontario, Canada; Canada
Lark Caye Private Heaven;https://www.privateislandsonline.com/central-america/belize/lark-caye-private-heaven;2; Sold;Belize, Central America; Central America
Treetop Island;https://www.privateislandsonline.com/united-states/illinois/treetop-island;4; Sold;Illinois, United States; United States
Little Ironsides Island;https://www.privateislandsonline.com/united-states/newyork/little-ironsides-island;1; Sold;New York, United States; United States
Carlotta Island;https://www.privateislandsonline.com/canada/ontario/georgian-bay/carlotta-island;14; Sold;Georgian Bay, Ontario, Canada; Canada
Marakorako Island;https://www.privateislandsonline.com/south-pacific/frenchpolynesia/marakorako-island;8; Sold;French Polynesia, South Pacific; South Pacific
Jumbo Island;https://www.privateislandsonline.com/canada/ontario/georgian-bay/jumbo-island;12; Sold;Georgian Bay, Ontario, Canada; Canada
Palette Island;https://www.privateislandsonline.com/canada/ontario/northern-ontario/palette-island;5; Sold;Northern Ontario, Ontario, Canada; Canada
43 acres on Ireson Island;https://www.privateislandsonline.com/canada/ontario/georgian-bay/43-acres-on-ireson-island;43; Sold;Georgian Bay, Ontario, Canada; Canada
Indigo Point;https://www.privateislandsonline.com/caribbean/british-virgin-islands/indigo-point;4; Sold;British Virgin Islands, Caribbean; Caribbean
Brown Island;https://www.privateislandsonline.com/united-states/michigan/brown-island;48; Sold;Michigan, United States; United States
Willow Island;https://www.privateislandsonline.com/united-states/newyork/willow-island;1; Sold;New York, United States; United States
Gitchie Manitou Island;https://www.privateislandsonline.com/united-states/michigan/gitchie-manitou-island;10; Sold;Michigan, United States; United States
The Northern Pine Islands;https://www.privateislandsonline.com/canada/ontario/georgian-bay/the-northern-pine-islands;6; Sold;Georgian Bay, Ontario, Canada; Canada
Yauchler Island;https://www.privateislandsonline.com/united-states/newyork/yauchler-island;5; Sold;New York, United States; United States
11907 Ocklawaha Drive;https://www.privateislandsonline.com/united-states/florida/11907-ocklawaha-drive;12; Sold;Florida, United States; United States
Bonefish Cay;https://www.privateislandsonline.com/caribbean/bahamas/andros/bonefish-cay-1;6; Sold;Andros, Bahamas, Caribbean; Caribbean
Ermyn Island;https://www.privateislandsonline.com/canada/ontario/georgian-bay/ermyn-island;11; Sold;Georgian Bay, Ontario , Canada; Canada
Luella Island;https://www.privateislandsonline.com/canada/ontario/muskoka/luella-island;1; Sold;Muskoka, Ontario, Canada; Canada
Second Sister Island;https://www.privateislandsonline.com/canada/britishcolumbia/second-sister-island;3; Sold;British Columbia, Canada; Canada
Lime Cay;https://www.privateislandsonline.com/central-america/nicaragua/lime-cay;10; Sold;Nicaragua, Central America; Central America
Namaste Island;https://www.privateislandsonline.com/united-states/michigan/namaste-island;8; Sold;Michigan, United States; United States
Tibbett Island;https://www.privateislandsonline.com/canada/ontario/georgian-bay/tibbett-island;3; Sold;Georgian Bay, Ontario, Canada; Canada
North East Pavis Island;https://www.privateislandsonline.com/canada/ontario/georgian-bay/north-east-pavis-island;11; Sold;Georgian Bay, Ontario, Canada; Canada
Beulah Island;https://www.privateislandsonline.com/canada/ontario/georgian-bay/beulah-island;3; Sold;Georgian Bay, Ontario, Canada; Canada
O'Dowd Island;https://www.privateislandsonline.com/united-states/minnesota/o-dowd-island;13; Sold;Minnesota, United States; United States
Butterfield Island, Maine;https://www.privateislandsonline.com/united-states/maine/butterfield-island-maine;8; Sold;Maine, United States; United States
Lizard Island;https://www.privateislandsonline.com/canada/ontario/lizard-island-1;76; Sold;Ontario, Canada; Canada
Pine Island;https://www.privateislandsonline.com/united-states/minnesota/pine-island;2; Sold;Minnesota, United States; United States
Bearberry Island;https://www.privateislandsonline.com/united-states/michigan/bearberry-island;3; Sold;Michigan, United States; United States
Morlock Island - C-933;https://www.privateislandsonline.com/canada/ontario/georgian-bay/c-933;3; Sold;Georgian Bay, Ontario, Canada; Canada
Shadynook Cottage;https://www.privateislandsonline.com/canada/ontario/georgian-bay/shadynook-cottage;2; Sold;Georgian Bay, Ontario, Canada; Canada
Moccasin Island;https://www.privateislandsonline.com/canada/ontario/georgian-bay/moccasin-island;3; Sold;Georgian Bay, Ontario, Canada; Canada
Hunter's Island;https://www.privateislandsonline.com/canada/newbrunswick/hunters-island;7; Sold;New Brunswick, Canada; Canada
Burts Island;https://www.privateislandsonline.com/canada/britishcolumbia/burts-island;5; Sold;British Columbia, Canada; Canada
Palm Island;https://www.privateislandsonline.com/united-states/florida/palm-island-1;4; Sold;Florida, United States; United States
Brown Island;https://www.privateislandsonline.com/united-states/maine/brown-island-maine;5; Sold;Maine, United States; United States
Farquharson Island;https://www.privateislandsonline.com/canada/britishcolumbia/farquharson-island;135; Sold;British Columbia, Canada; Canada
Sunset Key;https://www.privateislandsonline.com/united-states/florida/sunset-keyflorida;5; Sold;Florida, United States; United States
Hartman Island;https://www.privateislandsonline.com/canada/ontario/georgian-bay/hartman-island;2; Sold;Georgian Bay, Ontario, Canada; Canada
Freedrinks Island;https://www.privateislandsonline.com/canada/ontario/georgian-bay/freedrinks-island899;9; Sold;Georgian Bay, Ontario, Canada; Canada
Motu Tohepuku;https://www.privateislandsonline.com/south-pacific/frenchpolynesia/motu-tohepuku;19; Sold;French Polynesia, South Pacific; South Pacific
Atcheson Island;https://www.privateislandsonline.com/canada/ontario/french-river-area/atcheson-island;1; Sold;French River Area, Ontario, Canada; Canada
1 Snake Island;https://www.privateislandsonline.com/canada/ontario/georgian-bay/1-snake-island;7; Sold;Georgian Bay, Ontario, Canada; Canada
Colibri Island;https://www.privateislandsonline.com/central-america/panama/colibri-island;1; Sold;Panama, Central America; Central America
Howard Island;https://www.privateislandsonline.com/united-states/michigan/howard-island;2; Sold;Michigan, United States; United States
Dry Island;https://www.privateislandsonline.com/canada/ontario/georgian-bay/dry-island2;2; Sold;Georgian Bay, Ontario, Canada; Canada
Billy Goat Island;https://www.privateislandsonline.com/canada/britishcolumbia/billy-goat-island;4; Sold;British Columbia, Canada; Canada
2-Acre Private Island Near Placencia;https://www.privateislandsonline.com/central-america/belize/2-acre-private-island-near-placencia;2; Sold;Belize, Central America; Central America
Island D-353;https://www.privateislandsonline.com/canada/ontario/georgian-bay/island-d-353;3; Sold;Georgian Bay, Ontario, Canada; Canada
Frypan Island;https://www.privateislandsonline.com/canada/ontario/northern-ontario/frypan-island;7; Sold;Northern Ontario, Ontario, Canada; Canada
Fox Point Island;https://www.privateislandsonline.com/united-states/maine/fox-point-island1;2; Sold;Maine, United States; United States
Majestic Island;https://www.privateislandsonline.com/united-states/wisconsin/majestic-island;1; Sold;Wisconsin, United States; United States
Standerson Island;https://www.privateislandsonline.com/united-states/michigan/standerson-island;27; Sold;Michigan, United States; United States
1-Acre Private Island near Riversdale, Placencia;https://www.privateislandsonline.com/central-america/belize/1-acre-private-island-near-riversdale-placencia;1; Sold;Belize, Central America; Central America
Bensley Island;https://www.privateislandsonline.com/canada/ontario/georgian-bay/bensley-island;12; Sold;Georgian Bay, Ontario, Canada; Canada
Deadman Caye 1.4 acres;https://www.privateislandsonline.com/central-america/belize/deadman-caye-14-acres;1; Sold;Belize, Central America; Central America
Gullah Island;https://www.privateislandsonline.com/united-states/southcarolina/gullah-island;3; Sold;South Carolina, United States; United States
Narrows Island;https://www.privateislandsonline.com/united-states/maine/narrows-island-maine;6; Sold;Maine, United States; United States
Stono Island;https://www.privateislandsonline.com/united-states/southcarolina/stono-island;1; Sold;South Carolina, United States; United States
Wedding Cake Island;https://www.privateislandsonline.com/canada/ontario/wedding-cake-island;1; Sold;Ontario, Canada; Canada
Little Gaulding Cay;https://www.privateislandsonline.com/caribbean/bahamas/the-berry-islands/little-gaulding-cay;2; Sold;The Berry Islands, Bahamas, Caribbean; Caribbean
Frenchman Island;https://www.privateislandsonline.com/canada/ontario/frenchman-island;106; Sold;Ontario, Canada; Canada
Win Island;https://www.privateislandsonline.com/canada/ontario/french-river-area/win-island;2; Sold;French River Area, Ontario, Canada; Canada
Pink Pearl Island;https://www.privateislandsonline.com/central-america/nicaragua/pink-pearl-island;1; Sold;Nicaragua, Central America; Central America
Danhattan Island;https://www.privateislandsonline.com/united-states/connecticut/danhattan-island;1; Sold;Connecticut, United States; United States
Natural Inlet Island;https://www.privateislandsonline.com/canada/ontario/natural-inlet-island898;2; Sold;Ontario, Canada; Canada
Deadman Caye .699acres;https://www.privateislandsonline.com/central-america/belize/deadman-caye-699acres;1; Sold;Belize, Central America; Central America
Island JD 181;https://www.privateislandsonline.com/canada/ontario/island-jd-181;2; Sold;Ontario, Canada; Canada
Harbour Island;https://www.privateislandsonline.com/canada/novascotia/harbour-island-1-2-3;2; Sold;Nova Scotia, Canada; Canada
Bear Island;https://www.privateislandsonline.com/canada/novascotia/bear-island;7; Sold;Nova Scotia, Canada; Canada
Sarrat Island;https://www.privateislandsonline.com/canada/ontario/northern-ontario/sarrat-island;2; Sold;Northern Ontario, Ontario, Canada; Canada
Pearl Island;https://www.privateislandsonline.com/canada/ontario/georgian-bay/pearl-island;1; Sold;Georgian Bay, Ontario, Canada; Canada
Stewards Island;https://www.privateislandsonline.com/united-states/pennsylvania/stewards-island;54; Sold;Pennsylvania , United States; United States
Lake Nipissing Island C-905;https://www.privateislandsonline.com/canada/ontario/french-river-area/lake-nipissing-island-c-905;1; Sold;French River Area, Ontario, Canada; Canada
Rock Island;https://www.privateislandsonline.com/united-states/connecticut/rock-island;1; Sold;Connecticut, United States; United States
9.3-acre Private Island near Bocas;https://www.privateislandsonline.com/central-america/panama/9-3-acre-private-island-near-bocas;9; Sold;Panama, Central America; Central America
Deadman Caye .941 acres;https://www.privateislandsonline.com/central-america/belize/deadman-caye-941-acres;1; Sold;Belize, Central America; Central America
Leader Island;https://www.privateislandsonline.com/canada/novascotia/leader-island;11; Sold;Nova Scotia, Canada; Canada
Hangover Island;https://www.privateislandsonline.com/united-states/florida/hangover-island;40; Sold;Florida, United States; United States
Sweet Island;https://www.privateislandsonline.com/canada/britishcolumbia/sweet-island;3; Sold;British Columbia, Canada; Canada
Gautier Island;https://www.privateislandsonline.com/united-states/mississippi/gautier-island;3; Sold;Mississippi, United States; United States
White's Island;https://www.privateislandsonline.com/united-states/maine/whites-island-maine;143; Sold;Maine, United States; United States
Deer Island;https://www.privateislandsonline.com/united-states/florida/deer-island;90; Sold;Florida, United States; United States
Little Horse Island;https://www.privateislandsonline.com/united-states/southcarolina/little-horse-island;8; Sold;South Carolina, United States; United States
Mclean Island;https://www.privateislandsonline.com/united-states/missouri/mclean-island;1200; Sold;Missouri, United States; United States
Sipson Island;https://www.privateislandsonline.com/united-states/massachusetts/sipson-island;25; Sold;Massachusetts, United States; United States
Tavern Island;https://www.privateislandsonline.com/united-states/connecticut/tavern-island;4; Sold;Connecticut, United States; United States
Cayo Geraldo;https://www.privateislandsonline.com/united-states/puerto-rico/cayo-geraldo;25; Sold;Puerto Rico, United States; United States
Round Island Lighthouse;https://www.privateislandsonline.com/united-states/michigan/round-island-lighthouse;7; Sold;Michigan, United States; United States
2018 S Whitehead RD Sugar Island;https://www.privateislandsonline.com/united-states/michigan/2018-s-whitehead-rd-sugar-island;485; Sold;Michigan , United States; United States
Terra's Key;https://www.privateislandsonline.com/united-states/florida/terras-key-1;16; Sold;Florida, United States; United States
Legacy Island ;https://www.privateislandsonline.com/united-states/florida/legacy-island;14; Sold;Florida, United States; United States
Trump Island;https://www.privateislandsonline.com/united-states/washington/trump-island;29; Sold;Washington, United States; United States
Blackbook Listing(2943)  ;https://www.privateislandsonline.com/africa/seychelles/2943;170; Price Upon Request;Seychelles, Africa; Africa
Blackbook Listing(2867)  ;https://www.privateislandsonline.com/europe/spain/2867;100; Price Upon Request;Spain, Europe; Europe
Ifuru Resort with Airport and Funadhoo Island;https://www.privateislandsonline.com/asia/maldives/ifuru-resort-with-airport-and-funadhoo-island;169; Price Upon Request;Maldives, Asia; Asia
Serenity Beaches Resort;https://www.privateislandsonline.com/south-pacific/tonga/serenity-beaches-resort2;8; Price Upon Request;Tonga, South Pacific; South Pacific
Lovango Cay;https://www.privateislandsonline.com/caribbean/usvirginislands/lovango-cay;5; Price Upon Request;US Virgin Islands, Caribbean; Caribbean
Steele Point;https://www.privateislandsonline.com/caribbean/british-virgin-islands/steele-point;8; Price Upon Request;British Virgin Islands , Caribbean; Caribbean
Blunder Bay Estates;https://www.privateislandsonline.com/caribbean/british-virgin-islands/blunder-bay-estates;1; Price Upon Request;British Virgin Islands , Caribbean; Caribbean
Waldron Island;https://www.privateislandsonline.com/united-states/washington/waldron-island;50; Price Upon Request;Washington, United States; United States
Mounu Island Resort;https://www.privateislandsonline.com/south-pacific/tonga/mounu-island-resort;7; Price Upon Request;Tonga, South Pacific; South Pacific
Gopher Key Florida;https://www.privateislandsonline.com/united-states/florida/gopher-key-florida;10; Price Upon Request;Florida, United States; United States
Isla Rancheria;https://www.privateislandsonline.com/central-america/panama/isla-rancheria;310; Price Upon Request;Panama, Central America; Central America
Blackbook Listing(2521)  ;https://www.privateislandsonline.com/caribbean/st-vincent-and-the-grenadines/2521;300; Price Upon Request;SVG, Caribbean; Caribbean
Blackbook Listing(2106)  ;https://www.privateislandsonline.com/caribbean/turksandcaicos/2106;300; Price Upon Request;Turks and Caicos, Caribbean; Caribbean
Webber Island;https://www.privateislandsonline.com/canada/ontario/webber-island;50; Price Upon Request;Ontario, Canada; Canada
Charlebois Island;https://www.privateislandsonline.com/canada/ontario/charlebois-island;36; Price Upon Request;Ontario, Canada; Canada
Hog Island and Mt. Hartman Estate;https://www.privateislandsonline.com/caribbean/grenada/hog-island-and-mt-hartman-estate;546; Price Upon Request;Grenada, Caribbean; Caribbean
Villa Katsura;https://www.privateislandsonline.com/caribbean/british-virgin-islands/villa-katsura;3; Price Upon Request;British Virgin Islands, Caribbean; Caribbean
Dulichium Island;https://www.privateislandsonline.com/europe/greece/dulichium-island;1335; Price Upon Request;Greece, Europe; Europe
Private Island in Chilean Patagonia;https://www.privateislandsonline.com/south-america/chile/private-island-in-chilean-patagonia;108726; Price Upon Request;Chile, South America; South America
Grand Scrub;https://www.privateislandsonline.com/caribbean/british-virgin-islands/grand-scrub;170; Price Upon Request;British Virgin Islands, Caribbean; Caribbean
French Bay Property;https://www.privateislandsonline.com/caribbean/usvirginislands/french-bay-property;130; Price Upon Request;US Virgin Islands, Caribbean; Caribbean
10 Kilometers Beachfront;https://www.privateislandsonline.com/central-america/belize/10-kilometers-beachfront;2213; Price Upon Request;Belize, Central America; Central America
Gili Tangkong Island;https://www.privateislandsonline.com/asia/indonesia/gili-tangkong-island;17; Price Upon Request;Indonesia, Asia; Asia
Saline Island;https://www.privateislandsonline.com/caribbean/grenada/saline-island-1;64; Price Upon Request;Grenada, Caribbean; Caribbean
Thatch Cay;https://www.privateislandsonline.com/caribbean/usvirginislands/thatch-cay;230; Price Upon Request;US Virgin Islands, Caribbean; Caribbean
Blackbook Listing(2992)  ;https://www.privateislandsonline.com/south-pacific/papuanewguinea/2992;500; Price Upon Request;Papua New Guinea, South Pacific; South Pacific
Charles Island;https://www.privateislandsonline.com/caribbean/bahamas/charles-island-1;55; Price Upon Request;Bahamas, Caribbean; Caribbean
 Half Moon Cay;https://www.privateislandsonline.com/central-america/honduras/half-moon-cay;10; Price Upon Request;Honduras, Central America; Central America
Blackbook Listing(2520)  ;https://www.privateislandsonline.com/caribbean/st-vincent-and-the-grenadines/2520;90; Price Upon Request;SVG, Caribbean; Caribbean
Terzioglu Island;https://www.privateislandsonline.com/europe/turkey/terzioglu-island;66; Price Upon Request;Turkey, Europe; Europe
Little Bay Estate;https://www.privateislandsonline.com/caribbean/british-virgin-islands/little-bay-estate;7; Price Upon Request;British Virgin Islands, Caribbean; Caribbean
Troy Hill, Island of Saba;https://www.privateislandsonline.com/europe/the-netherlands/troy-hill-island-of-saba;25; Price Upon Request;The Netherlands , Europe; Europe
St. John's Island;https://www.privateislandsonline.com/europe/greece/st-johns-island;750; Price Upon Request;Greece, Europe; Europe
Santorini Island;https://www.privateislandsonline.com/europe/greece/santorini-island;34; Price Upon Request;Greece, Europe; Europe
Blackbook Listing(2538)  ;https://www.privateislandsonline.com/central-america/belize/2538;50; Price Upon Request;Belize, Central America; Central America
Katafanga Island;https://www.privateislandsonline.com/south-pacific/fiji/katafanga-island;225; Price Upon Request;Fiji, South Pacific; South Pacific
Nissos Makri;https://www.privateislandsonline.com/europe/greece/nissos-makri;245; Price Upon Request;Greece , Europe; Europe
Ayam Island;https://www.privateislandsonline.com/asia/indonesia/ayam-island;295; Price Upon Request;Indonesia, Asia; Asia
Fort Morgan Cay;https://www.privateislandsonline.com/central-america/honduras/fort-morgan-cay-1;40; Price Upon Request;Honduras , Central America; Central America
Petit Nevis;https://www.privateislandsonline.com/caribbean/st-vincent-and-the-grenadines/petit-nevis;71; Price Upon Request;SVG, Caribbean; Caribbean
Gibraleon Island;https://www.privateislandsonline.com/central-america/panama/gibraleon-island;227; Price Upon Request;Panama, Central America; Central America
Island of Patroklos;https://www.privateislandsonline.com/europe/greece/island-of-patroklos;643; Price Upon Request;Greece, Europe; Europe
Island Pair in Anambas, Indonesia;https://www.privateislandsonline.com/asia/indonesia/island-pair-in-anambas-indonesia;159; Price Upon Request;Indonesia, Asia; Asia
Casey Bay;https://www.privateislandsonline.com/caribbean/british-virgin-islands/casey-bay;4; Price Upon Request;British Virgin Islands, Caribbean; Caribbean
Northern Aegean Island;https://www.privateislandsonline.com/europe/greece/northern-aegean-island3;34; Price Upon Request;Greece, Europe; Europe
Pair of Fiji Islands;https://www.privateislandsonline.com/south-pacific/fiji/pair-of-fiji-islands;25; Price Upon Request;Fiji, South Pacific; South Pacific
Lambay Cay;https://www.privateislandsonline.com/central-america/honduras/lambay-cay;7; Price Upon Request;Honduras, Central America; Central America
Blackbook Listing(2096)  ;https://www.privateislandsonline.com/africa/seychelles/2096;20; Price Upon Request;Seychelles, Africa; Africa
Denarau Peninsula;https://www.privateislandsonline.com/south-pacific/fiji/denarau-peninsula;1; Price Upon Request;Fiji, South Pacific; South Pacific
Panjang Island;https://www.privateislandsonline.com/asia/indonesia/panjang-island;33; Price Upon Request;Indonesia, Asia; Asia
Long Caye Private Island;https://www.privateislandsonline.com/central-america/belize/long-caye-private-island;40; Price Upon Request;Belize, Central America; Central America
Vouvalos Island;https://www.privateislandsonline.com/europe/greece/vouvalos-island;32; Price Upon Request;Greece, Europe; Europe
Largest coastal freehold property in Fiji;https://www.privateislandsonline.com/south-pacific/fiji/tikina-i-ra-island;10233; Price Upon Request;Fiji, South Pacific; South Pacific
Turneffe Coral Beach Atoll;https://www.privateislandsonline.com/central-america/belize/turneffe-coral-beach-atoll;401; Price Upon Request;Belize, Central America; Central America
Nukudrau Island;https://www.privateislandsonline.com/south-pacific/fiji/nukudrau-island;46; Price Upon Request;Fiji, South Pacific; South Pacific
Blackbook Listing(2816)  ;https://www.privateislandsonline.com/caribbean/bahamas/2816;0; Price Upon Request;Bahamas, Caribbean; Caribbean
Elysian Retreat;https://www.privateislandsonline.com/south-pacific/australia/elysian-retreat;8; Price Upon Request;Australia, South Pacific; South Pacific
42-Acre Private Island West of Placencia Village;https://www.privateislandsonline.com/central-america/belize/42-acre-private-island-west-of-placencia-village;42; Price Upon Request;Belize, Central America; Central America
Kandoo Island;https://www.privateislandsonline.com/asia/maldives/kandoo-island;42; Price Upon Request;Maldives, Asia; Asia
Frenchman's Caye;https://www.privateislandsonline.com/central-america/belize/frenchmans-caye;200; Price Upon Request;Belize, Central America; Central America
Isla Guardiamarina Zanartu and Islotes San Andres;https://www.privateislandsonline.com/south-america/chile/isla-guardiamarina-zanartu-and-islotes-san-andres;951; Price Upon Request;Chile, South America; South America
Dao Island;https://www.privateislandsonline.com/asia/philippines/dao-island;118; Price Upon Request;Philippines, Asia; Asia
Wailagilala Island;https://www.privateislandsonline.com/south-pacific/fiji/wailagilala-island;113; Price Upon Request;Fiji, South Pacific; South Pacific
Nissos Sofia;https://www.privateislandsonline.com/europe/greece/nissos-sofia;44; Price Upon Request;Greece, Europe; Europe
Green Island, Grenada;https://www.privateislandsonline.com/caribbean/grenada/green-island-grenada;25; Price Upon Request;Grenada, Caribbean; Caribbean
Tragonisi Island;https://www.privateislandsonline.com/europe/greece/tragonisi-island;90; Price Upon Request;Greece, Europe; Europe
Blackbook Listing(2107)  ;https://www.privateislandsonline.com/caribbean/bahamas/the-abacos/2107;200; Price Upon Request;The Abacos, Bahamas, Caribbean; Caribbean
Praia do Algodao;https://www.privateislandsonline.com/south-america/brazil/praia-do-algodao;29; Price Upon Request;Brazil, South America; South America
Skyros Island;https://www.privateislandsonline.com/europe/greece/skyros-island;136; Price Upon Request;Greece, Europe; Europe
Isla Palomino;https://www.privateislandsonline.com/united-states/puerto-rico/isla-palomino;87; Price Upon Request;Puerto Rico, United States; United States
Beer Lake Estate Property;https://www.privateislandsonline.com/canada/ontario/northern-ontario/beer-lake-estate-property;91; Price Upon Request;Northern Ontario, Ontario, Canada; Canada
White Island;https://www.privateislandsonline.com/caribbean/grenada/white-island-1;10; Price Upon Request;Grenada, Caribbean; Caribbean
Waitavu Estate;https://www.privateislandsonline.com/south-pacific/fiji/waitavu-estate;322; Price Upon Request;Fiji, South Pacific; South Pacific
Island Pair in Dumaran;https://www.privateislandsonline.com/asia/philippines/island-pair-in-dumaran;62; Price Upon Request;Philippines, Asia; Asia
Tivi Island;https://www.privateislandsonline.com/south-pacific/fiji/tivi-island;150; Price Upon Request;Fiji, South Pacific; South Pacific
Perpall Cayes;https://www.privateislandsonline.com/caribbean/bahamas/the-exumas/perpall-cayes;158; Price Upon Request;The Exumas, Bahamas, Caribbean; Caribbean
Tilloo Pond;https://www.privateislandsonline.com/caribbean/bahamas/the-abacos/tilloo-pond;11; Price Upon Request;The Abacos, Bahamas, Caribbean; Caribbean
Green Island;https://www.privateislandsonline.com/united-states/wisconsin/green-island;68; Price Upon Request;Wisconsin, United States; United States
Jewel Caye;https://www.privateislandsonline.com/central-america/belize/jewel-caye;2; Price Upon Request;Belize, Central America; Central America
British Columbia Lodge;https://www.privateislandsonline.com/canada/britishcolumbia/british-columbia-lodge;30; Price Upon Request;British Columbia, Canada; Canada
Emerald Island;https://www.privateislandsonline.com/united-states/virginia/emerald-island;6; Price Upon Request;Virginia, United States; United States
Pelin Island;https://www.privateislandsonline.com/europe/croatia/pelin-island;1; Price Upon Request;Croatia, Europe; Europe
Silkowanzala Island;https://www.privateislandsonline.com/africa/zambia/silkowanzala-island;333; Price Upon Request;Zambia, Africa; Africa
Love Island;https://www.privateislandsonline.com/central-america/el-salvador/love-island;1; Price Upon Request;El Salvador, Central America; Central America
Turtle Caye;https://www.privateislandsonline.com/central-america/belize/turtle-caye;19; Price Upon Request;Belize, Central America; Central America
Breath of Life Sanctuary;https://www.privateislandsonline.com/united-states/florida/breath-of-life-sanctuary;47; Price Upon Request;Florida, United States; United States
Veterans Key;https://www.privateislandsonline.com/united-states/florida/veterans-key;29; Price Upon Request;Florida, United States; United States
Kings Paradise Island Resort;https://www.privateislandsonline.com/asia/philippines/kings-paradise-island-resort;64; Price Upon Request;Philippines, Asia; Asia
Island of Ottagono San Pietro;https://www.privateislandsonline.com/europe/italy/island-of-ottagono-san-pietro;1; Price Upon Request;Italy, Europe; Europe
Petit Gauke and Little Petit Gauke Islands;https://www.privateislandsonline.com/united-states/georgia/petit-gauke-and-little-petit-gauke-islands;37; Price Upon Request;Georgia, United States; United States
Manatee Caye;https://www.privateislandsonline.com/central-america/belize/manatee-caye-1;5; Price Upon Request;Belize, Central America; Central America
North Breeze Island;https://www.privateislandsonline.com/united-states/southcarolina/north-breeze-island;12; Price Upon Request;South Carolina, United States; United States
Isla Imelev;https://www.privateislandsonline.com/south-america/chile/isla-imelev;32; Price Upon Request;Chile, South America; South America
Douglas Island;https://www.privateislandsonline.com/united-states/newyork/douglas-island;4; Price Upon Request;New York, United States; United States
Savage Isle;https://www.privateislandsonline.com/united-states/southcarolina/savage-isle;8; Price Upon Request;South Carolina, United States; United States
Rosewood Caye;https://www.privateislandsonline.com/central-america/belize/rosewood-caye;25; Price Upon Request;Belize, Central America; Central America
Ile de Paon;https://www.privateislandsonline.com/united-states/southcarolina/ile-de-paon;6; Price Upon Request;South Carolina, United States; United States
Sumba Island Properties;https://www.privateislandsonline.com/asia/indonesia/sumba-island-properties;5; Price Upon Request;Indonesia, Asia; Asia
Surf Beach Property;https://www.privateislandsonline.com/asia/indonesia/surf-beach-property;4; Price Upon Request;Indonesia, Asia; Asia
Edenton Point;https://www.privateislandsonline.com/united-states/northcarolina/edenton-point;20; Price Upon Request;North Carolina, United States; United States
Jupiter Island;https://www.privateislandsonline.com/south-america/ecuador/jupiter-island;642; Price Upon Request;Ecuador, South America; South America
Tavewa Island Property;https://www.privateislandsonline.com/south-pacific/fiji/tavewa-island-property;5; Price Upon Request;Fiji, South Pacific; South Pacific
Crawl Caye (Belize City);https://www.privateislandsonline.com/central-america/belize/crawl-caye2;48; Price Upon Request;Belize, Central America; Central America
Blackbook Listing(2935)  ;https://www.privateislandsonline.com/south-america/chile/2935;250; Price Upon Request;Chile, South America; South America
Mango Bay Resort;https://www.privateislandsonline.com/caribbean/british-virgin-islands/mango-bay-resort;3; Price Upon Request;British Virgin Islands, Caribbean; Caribbean
Ilha de Pioca;https://www.privateislandsonline.com/south-america/brazil/ilha-de-pioca;215; Price Upon Request;Brazil, South America; South America
Isla Los Conejos;https://www.privateislandsonline.com/south-america/chile/isla-los-conejos;24; Price Upon Request;Chile, South America; South America
Funk Caye;https://www.privateislandsonline.com/central-america/belize/funk-caye;3; Price Upon Request;Belize, Central America; Central America
Quartz Bay, BC;https://www.privateislandsonline.com/canada/britishcolumbia/quartz-bay-bc;88; Price Upon Request;British Columbia, Canada; Canada
West Calf Island;https://www.privateislandsonline.com/europe/ireland/west-calf-island;62; Price Upon Request;Ireland, Europe; Europe
Santa Lucia;https://www.privateislandsonline.com/central-america/nicaragua/santa-lucia;100; Price Upon Request;Nicaragua, Central America; Central America
Arrow Head Caye;https://www.privateislandsonline.com/central-america/belize/arrow-head-caye;4; Price Upon Request;Belize, Central America; Central America
Starlings Island;https://www.privateislandsonline.com/united-states/virginia/starlings-island-virginia;75; Price Upon Request;Virginia, United States; United States
Exile Island;https://www.privateislandsonline.com/south-pacific/fiji/exile-island;15; Price Upon Request;Fiji, South Pacific; South Pacific
Isla Quiros;https://www.privateislandsonline.com/central-america/panama/isla-quiros;4; Price Upon Request;Panama, Central America; Central America
Gus's Island;https://www.privateislandsonline.com/canada/ontario/gus-s-island;7; Price Upon Request;Ontario, Canada; Canada
Lizzie Island;https://www.privateislandsonline.com/united-states/minnesota/lizzie-island;5; Price Upon Request;Minnesota, United States; United States
Campbell Island;https://www.privateislandsonline.com/united-states/newyork/campbell-island;97; Price Upon Request;New York, United States; United States
Mauger Caye;https://www.privateislandsonline.com/central-america/belize/mauger-caye;7; Price Upon Request;Belize, Central America; Central America
Blackbook Listing(2926)  ;https://www.privateislandsonline.com/united-states/maine/2926;50; Price Upon Request;Maine, United States; United States
Trstenik Island;https://www.privateislandsonline.com/europe/croatia/trstenik-island;4; Price Upon Request;Croatia, Europe; Europe
Koro Sun Resort;https://www.privateislandsonline.com/south-pacific/fiji/koro-sun-resort;150; Price by negotiation;Fiji, South Pacific; South Pacific
Nakacha Huraa Lagoon;https://www.privateislandsonline.com/asia/maldives/nakacha-huraa-lagoon;29; Open for equity investment;Maldives, Asia; Asia
Tovu Island;https://www.privateislandsonline.com/south-pacific/fiji/tovu-island;180; Offered for Long-term Lease;Fiji, South Pacific; South Pacific
Barefoot Cay Resort;https://www.privateislandsonline.com/central-america/honduras/barefoot-cay-resort;8; Off the Market;Honduras, Central America; Central America
Lighthouse Cay;https://www.privateislandsonline.com/caribbean/bahamas/eleuthera/lighthouse-cay;765; Off the Market;Eleuthera, Bahamas, Caribbean; Caribbean
Broad Key;https://www.privateislandsonline.com/united-states/florida/broad-key;63; Off the Market;Florida, United States; United States
Gumelemi Cay;https://www.privateislandsonline.com/caribbean/bahamas/the-abacos/gumelemi-cay;8; Off the Market;The Abacos, Bahamas, Caribbean; Caribbean
Hopkins Island;https://www.privateislandsonline.com/united-states/florida/hopkins-island;13; Off the Market;Florida, United States; United States
Motu Rauoro;https://www.privateislandsonline.com/south-pacific/frenchpolynesia/motu-rauoro;18; Off the Market;French Polynesia, South Pacific; South Pacific
The Southern Minks;https://www.privateislandsonline.com/canada/ontario/georgian-bay/the-minks;14; Off the Market;Georgian Bay, Ontario, Canada; Canada
Breakwater Island;https://www.privateislandsonline.com/canada/britishcolumbia/breakwater-island2;65; Off the Market;British Columbia, Canada; Canada
Motu Moie;https://www.privateislandsonline.com/south-pacific/frenchpolynesia/motu-moie;20; Off the Market;French Polynesia, South Pacific; South Pacific
Castle Island;https://www.privateislandsonline.com/canada/ontario/northern-ontario/castle-island;20; Off the Market;Northern Ontario, Ontario, Canada; Canada
Ilha Comprida;https://www.privateislandsonline.com/south-america/brazil/ilha-comprida;10; Off the Market;Brazil, South America; South America
Nukanamo Island;https://www.privateislandsonline.com/south-pacific/tonga/nukanamo-island;22; Off the Market;Tonga, South Pacific; South Pacific
Platanal Island;https://www.privateislandsonline.com/central-america/panama/platanal-island1;6; Off the Market;Panama, Central America; Central America
Anchor Island;https://www.privateislandsonline.com/canada/ontario/georgian-bay/anchor-island;2; Off the Market;Georgian Bay, Ontario, Canada; Canada
Great Diamond Island-30 West Shore Drive;https://www.privateislandsonline.com/united-states/maine/great-diamond-island-30-west-shore-drive;1; Off the Market;Maine, United States; United States
Eagle Island;https://www.privateislandsonline.com/united-states/michigan/eagle-island;7; Off the Market;Michigan, United States; United States
Rose Island;https://www.privateislandsonline.com/united-states/michigan/rose-island;21; Off the Market;Michigan, United States; United States
Fane Island;https://www.privateislandsonline.com/canada/britishcolumbia/fane-island;2; Off the Market;British Columbia, Canada; Canada
Big Trout Island 2;https://www.privateislandsonline.com/united-states/michigan/big-trout-island-2;46; Off the Market;Michigan, United States; United States
Lighthouse Island;https://www.privateislandsonline.com/canada/ontario/georgian-bay/lighthouse-island-on-georgian-bay;5; Off the Market;Georgian Bay, Ontario, Canada; Canada
Wah Wah Taysee Property;https://www.privateislandsonline.com/canada/ontario/georgian-bay/wah-wah-taysee-property;9; Off the Market;Georgian Bay, Ontario, Canada; Canada
Diamond Cay;https://www.privateislandsonline.com/central-america/honduras/diamond-cay;1; Off the Market;Honduras, Central America; Central America
Ahe Atoll Motu;https://www.privateislandsonline.com/south-pacific/frenchpolynesia/ahe-atoll-motu;17; Off the Market;French Polynesia, South Pacific; South Pacific
Island C-915;https://www.privateislandsonline.com/canada/ontario/island-c-915;18; Off the Market;Ontario, Canada; Canada
Island C-921;https://www.privateislandsonline.com/canada/ontario/french-river-area/island-c-921;2; Off the Market;French River Area, Ontario, Canada; Canada
St. Phillips Island;https://www.privateislandsonline.com/united-states/southcarolina/st-phillips-island;4680; Off the Market;South Carolina, United States; United States
Bustard Island;https://www.privateislandsonline.com/canada/ontario/bustard-island;3; Off the Market;Ontario, Canada; Canada
Ropewalk Caye;https://www.privateislandsonline.com/central-america/belize/ropewalk-caye;7; Off the Market;Belize, Central America; Central America
Tahifehifa Island;https://www.privateislandsonline.com/south-pacific/tonga/tahifehifa-island;1; Off the Market;Tonga, South Pacific; South Pacific
Pickerel Pine Island;https://www.privateislandsonline.com/canada/ontario/pickerel-pine-island;3; Off the Market;Ontario, Canada; Canada
Hope Island;https://www.privateislandsonline.com/united-states/maine/hope-island;86; Off the Market;Maine, United States; United States
Savage Island Plantation;https://www.privateislandsonline.com/united-states/southcarolina/savage-island-plantation;415; Off the Market;South Carolina, United States; United States
Comfort Island ;https://www.privateislandsonline.com/united-states/newyork/comfort-island;2; Off the Market;New York, United States; United States
Sindiro Island;https://www.privateislandsonline.com/africa/uganda/sindiro-island;220; Joint Venture Opportunity;Uganda, Africa; Africa
Blackbook Listing(2879)  ;https://www.privateislandsonline.com/united-states/florida/2879;60; Investment Opportunity;Florida, United States; United States
Lynch Island;https://www.privateislandsonline.com/canada/ontario/northern-ontario/lynch-island;4; CAD 999900;Northern Ontario, Ontario, Canada; Canada
Mai Island;https://www.privateislandsonline.com/south-pacific/fiji/mai-island;32; AUCTION;Fiji, South Pacific; South Pacific
Mannions Island;https://www.privateislandsonline.com/europe/ireland/mannions-island;4; Â£ 230000 (Pound Sterling);Ireland, Europe; Europe
HÃµra Island;https://www.privateislandsonline.com/europe/estonia/hra-island;60; 999000.00;Estonia, Europe; Europe
Blue Hole Cay;https://www.privateislandsonline.com/caribbean/bahamas/andros/blue-hole-cay;12; 995000.00 ;Andros, Bahamas, Caribbean; Caribbean
Great Sale Cay;https://www.privateislandsonline.com/caribbean/bahamas/the-abacos/great-sale-cay;370; 9900000.00;The Abacos, Bahamas, Caribbean; Caribbean
Big Island Retreat;https://www.privateislandsonline.com/united-states/minnesota/big-island-retreat;5; 990000.00;Minnesota, United States; United States
Pine Island, Vermont;https://www.privateislandsonline.com/united-states/vermont/pine-island-vermont;23; 988000.00;Vermont, United States; United States
Humphrey Island;https://www.privateislandsonline.com/united-states/minnesota/humphrey-island;17; 975000.00;Minnesota, United States; United States
Pumpkin Key;https://www.privateislandsonline.com/united-states/florida/pumpkin-key;26; 95000000.00;Florida, United States; United States
Devils Cay;https://www.privateislandsonline.com/caribbean/bahamas/the-berry-islands/devils-cay;117; 9500000.00;The Berry Islands, Bahamas, Caribbean; Caribbean
Hanhisaari Island;https://www.privateislandsonline.com/europe/finland/hanhisaari-island;21; 948237.39;Finland, Europe; Europe
Shore Island;https://www.privateislandsonline.com/europe/ireland/shore-island2;30; 920348.06;Ireland, Europe; Europe
Prevost Island Lots;https://www.privateislandsonline.com/canada/britishcolumbia/prevost-island-lots;5; 914112.75;British Columbia, Canada; Canada
MacLean Island;https://www.privateislandsonline.com/canada/ontario/maclean-island;16; 908059.02;Ontario, Canada; Canada
Sandy Island;https://www.privateislandsonline.com/caribbean/grenada/sandy-island;20; 9000000.00;Grenada, Caribbean; Caribbean
Guilihan Island;https://www.privateislandsonline.com/asia/philippines/guilihan-island;3; 900000.00;Philippines, Asia; Asia
Nicoya Peninsula Beach and Nature Preserve;https://www.privateislandsonline.com/central-america/costa-rica/nicoya-peninsula-beach-and-nature-preserve;5; 900000.00;Costa Rica, Central America; Central America
Parisian Island;https://www.privateislandsonline.com/canada/ontario/northern-ontario/parisian-island;114; 900000.00;Northern Ontario, Ontario, Canada; Canada
La Cornelia Island;https://www.privateislandsonline.com/central-america/nicaragua/la-cornelia-island;1; 90000.00;Nicaragua, Central America; Central America
Bells Island;https://www.privateislandsonline.com/united-states/northcarolina/bells-island;62; 895000.00;North Carolina, United States; United States
ÃŽle QuÃ©bec;https://www.privateislandsonline.com/canada/quebec/ile-quebec;64; 895000.00;Quebec, Canada; Canada
Kadavu Island Property;https://www.privateislandsonline.com/south-pacific/fiji/kadavu-island-property;136; 875000.00;Fiji, South Pacific; South Pacific
Motu Moute;https://www.privateislandsonline.com/south-pacific/frenchpolynesia/motu-moute;1; 860107.10;French Polynesia, South Pacific; South Pacific
Lumber Cay;https://www.privateislandsonline.com/caribbean/bahamas/the-exumas/lumber-cay;30; 8600000.00;The Exumas, Bahamas, Caribbean; Caribbean
McDiarmid Island;https://www.privateislandsonline.com/canada/ontario/georgian-bay/mcdiarmid-island;7; 850000.00;Georgian Bay, Ontario, Canada; Canada
Oulton's Island;https://www.privateislandsonline.com/canada/princeedwardisland/oultons-island;211; 850000.00;Prince Edward Island, Canada; Canada
60-acre Lagoon Property;https://www.privateislandsonline.com/central-america/belize/60-acre-lagoon-property;60; 83000.00;Belize, Central America; Central America
Soldier Caye;https://www.privateislandsonline.com/central-america/belize/soldier-caye;5; 800000.00;Belize, Central America; Central America
McGregor Bay Island;https://www.privateislandsonline.com/canada/ontario/georgian-bay/mcgregor-bay-island;6; 800000.00;Georgian Bay, Ontario, Canada; Canada
Green Bay Island;https://www.privateislandsonline.com/asia/philippines/green-bay-island;15; 800000.00;Philippines, Asia; Asia
Golding Cay;https://www.privateislandsonline.com/caribbean/bahamas/eleuthera/golding-cay;3; 800000.00;Eleuthera, Bahamas, Caribbean; Caribbean
Sweetheart Island;https://www.privateislandsonline.com/united-states/florida/sweetheart-island;2; 799000.00;Florida, United States; United States
Katitche Point Greathouse;https://www.privateislandsonline.com/caribbean/british-virgin-islands/katitche-point-greathouse;1; 7950000.00;British Virgin Islands, Caribbean; Caribbean
Powell Cay;https://www.privateislandsonline.com/caribbean/bahamas/the-abacos/powell-cay;294; 7895000.00;The Abacos, Bahamas, Caribbean; Caribbean
Woodmere Island;https://www.privateislandsonline.com/canada/ontario/muskoka/woodmere-island;5; 7895000.00;Muskoka, Ontario, Canada; Canada
Rainy Lake Island;https://www.privateislandsonline.com/canada/ontario/northern-ontario/rainy-lake-island;1; 775000.00;Northern Ontario , Ontario, Canada; Canada
Petit Trou Peninsula;https://www.privateislandsonline.com/caribbean/grenada/petit-trou-peninsula;50; 7500000.00;Grenada, Caribbean; Caribbean
Leaf Cay, 30 acres;https://www.privateislandsonline.com/caribbean/bahamas/the-exumas/leaf-caye-bahamas;30; 7500000.00;The Exumas, Bahamas, Caribbean; Caribbean
Parida Island;https://www.privateislandsonline.com/central-america/panama/parida-island;217; 7500000.00;Panama, Central America; Central America
Horse Island (Massachusetts);https://www.privateislandsonline.com/united-states/massachusetts/horse-island-mass;3; 750000.00;Massachusetts, United States; United States
Sand Dollar Cay;https://www.privateislandsonline.com/caribbean/bahamas/the-berry-islands/sand-dollar-cay;24; 7200000.00;The Berry Islands, Bahamas, Caribbean; Caribbean
Cow and Calf Islands;https://www.privateislandsonline.com/canada/novascotia/cow-and-calf-islands;60; 711312.90;Nova Scotia, Canada; Canada
Sawyer's Cay;https://www.privateislandsonline.com/caribbean/bahamas/eleuthera/sawyers-cay;6; 7050000.00;Eleuthera, Bahamas, Caribbean; Caribbean
40-acre Beachfront Property on Ambergris Caye;https://www.privateislandsonline.com/central-america/belize/40-acre-beachfront-property-on-ambergris-caye;40; 6999500.00;Belize, Central America; Central America
Batchawana Island;https://www.privateislandsonline.com/canada/ontario/batchawana-island;5200; 6850000.00;Ontario, Canada; Canada
Belle Island & Cubbage Island;https://www.privateislandsonline.com/united-states/georgia/belle-cubbage-island;264; 6800000.00;Georgia, United States; United States
Tigertail Island;https://www.privateislandsonline.com/united-states/florida/tigertail-island;15; 6750000.00;Florida, United States; United States
Rose Cay;https://www.privateislandsonline.com/central-america/honduras/rose-cay;67; 6700000.00;Honduras, Central America; Central America
Fantasy Guyisland;https://www.privateislandsonline.com/united-states/minnesota/fantasy-guyisland;3; 669000.00;Minnesota, United States; United States
Ilha de Itaoquinha;https://www.privateislandsonline.com/south-america/brazil/ilha-de-itaoquinha;2; 650000.00;Brazil, South America; South America
Kabo Island;https://www.privateislandsonline.com/asia/philippines/kabo-island;58; 650000.00;Philippines, Asia; Asia
Treasure Caye;https://www.privateislandsonline.com/central-america/belize/treasure-caye;5; 650000.00;Belize, Central America; Central America
Sandpoint Lake Island;https://www.privateislandsonline.com/united-states/minnesota/sandpoint-lake-island;2; 640000.00;Minnesota, United States; United States
Nail Bay Land;https://www.privateislandsonline.com/caribbean/british-virgin-islands/nail-bay-land;60; 6200000.00;British Virgin Islands, Caribbean; Caribbean
Medio Island;https://www.privateislandsonline.com/asia/philippines/medio-island;99; 6000000.00;Philippines, Asia; Asia
Loblolly;https://www.privateislandsonline.com/caribbean/british-virgin-islands/loblolly;7; 6000000.00;British Virgin Islands, Caribbean; Caribbean
Kelefesia Island;https://www.privateislandsonline.com/south-pacific/tonga/kelefesia-island;32; 6000000.00;Tonga, South Pacific; South Pacific
Molono Island;https://www.privateislandsonline.com/south-pacific/vanuatu/molono-island;4; 600000.00;Vanuatu, South Pacific; South Pacific
Private Island at Big Narrows;https://www.privateislandsonline.com/canada/ontario/northern-ontario/private-island-at-big-narrows;9; 595000.00;Northern Ontario, Ontario, Canada; Canada
1-Acre Private Island;https://www.privateislandsonline.com/united-states/florida/1-acre-private-island;1; 595000.00;Florida , United States; United States
Namakan Lake Island;https://www.privateislandsonline.com/canada/ontario/namakan-lake-island;2; 595000.00;Ontario, Canada; Canada
23 acres on Gabriola Island;https://www.privateislandsonline.com/canada/britishcolumbia/23-acres-on-gabriola-island;23; 5826712.07;British Columbia, Canada; Canada
Duval Island;https://www.privateislandsonline.com/canada/ontario/duval-island;5; 578887.63;Ontario, Canada; Canada
Circle Island;https://www.privateislandsonline.com/canada/britishcolumbia/circle-island;10; 567536.89;British Columbia, Canada; Canada
Gezira Island;https://www.privateislandsonline.com/canada/novascotia/gezira-island;3; 567536.89;Nova Scotia, Canada; Canada
Janoyoy Island ;https://www.privateislandsonline.com/asia/philippines/janoyoy-island;4; 5600000.00;Philippines, Asia; Asia
Ile Fraser;https://www.privateislandsonline.com/canada/quebec/ile-fraser;1; 548618.99;Quebec, Canada; Canada
Roberts Cay;https://www.privateislandsonline.com/caribbean/bahamas/the-exumas/roberts-cay;20; 5250000.00;The Exumas, Bahamas, Caribbean; Caribbean
Celestial House;https://www.privateislandsonline.com/caribbean/british-virgin-islands/celestial-house;3; 5250000.00;British Virgin Islands, Caribbean; Caribbean
Cooper Bay Villas;https://www.privateislandsonline.com/caribbean/british-virgin-islands/cooper-bay-villas-1;2; 5200000.00;British Virgin Islands, Caribbean; Caribbean
10 acres on Middle Long Caye;https://www.privateislandsonline.com/central-america/belize/10-acres-on-middle-long-caye;10; 505000.00;Belize, Central America; Central America
Stroggilo Island;https://www.privateislandsonline.com/europe/greece/stroggilo-island;54; 5020080.32;Greece, Europe; Europe
Hawks Nest Seaside Oasis;https://www.privateislandsonline.com/caribbean/british-virgin-islands/hawks-nest-seaside-oasis;2; 5000000.00;British Virgin Islands, Caribbean; Caribbean
Surfsong Estate;https://www.privateislandsonline.com/caribbean/british-virgin-islands/surfsong-estate;4; 5000000.00;British Virgin Islands, Caribbean; Caribbean
Ormond By the Sea;https://www.privateislandsonline.com/united-states/florida/ormond-by-the-sea;1; 500000.00;Florida, United States; United States
Fishermans Caye;https://www.privateislandsonline.com/central-america/belize/fishermans-caye;42; 4995000.00;Belize, Central America; Central America
North East Caye;https://www.privateislandsonline.com/central-america/belize/north-east-caye;2; 499000.00;Belize, Central America; Central America
Isla Leo;https://www.privateislandsonline.com/central-america/panama/isla-leo;2; 499000.00;Panama, Central America; Central America
Private Island South;https://www.privateislandsonline.com/canada/ontario/northern-ontario/private-island-south;7; 499000.00;Northern Ontario, Ontario, Canada; Canada
Virginia Caye;https://www.privateislandsonline.com/central-america/belize/virginia-caye;4; 499000.00;Belize , Central America; Central America
Pierre Island;https://www.privateislandsonline.com/caribbean/bahamas/eleuthera/pierreisland;16; 4950000.00;Eleuthera, Bahamas, Caribbean; Caribbean
Rhumb House;https://www.privateislandsonline.com/caribbean/british-virgin-islands/rhumb-house;2; 4950000.00;British Virgin Islands, Caribbean; Caribbean
Neptune Cay;https://www.privateislandsonline.com/caribbean/bahamas/neptune-cay;5; 495000.00;Bahamas, Caribbean; Caribbean
Chub Cay Peninsula;https://www.privateislandsonline.com/caribbean/bahamas/chub-cay-peninsula;7; 495000.00;Bahamas, Caribbean; Caribbean
Soneva Jani;https://www.privateislandsonline.com/asia/maldives/soneva-jani;1; 4750000.00;Maldives, Asia; Asia
Iguana Island;https://www.privateislandsonline.com/central-america/nicaragua/iguana-island;5; 475000.00;Nicaragua, Central America; Central America
Bainema Paradise Beach Villa;https://www.privateislandsonline.com/south-america/brazil/bainema-paradise-beach-villa;158; 4680000.00;Brazil, South America; South America
 Isla Brava;https://www.privateislandsonline.com/central-america/panama/isla-brava;140; 4600000.00;Panama, Central America; Central America
Norway Island;https://www.privateislandsonline.com/canada/britishcolumbia/norway-island;30; 4540295.12;British Columbia, Canada; Canada
Royal Island;https://www.privateislandsonline.com/caribbean/bahamas/eleuthera/royal-island;430; 45000000.00;Eleuthera, Bahamas, Caribbean; Caribbean
Ligpo Island;https://www.privateislandsonline.com/asia/philippines/ligpo-island;1; 4500000.00;Philippines, Asia; Asia
Hawks Nest Cay, 26 acres;https://www.privateislandsonline.com/caribbean/bahamas/the-berry-islands/hawks-nest-cay-26-acres;26; 4500000.00;The Berry Islands, Bahamas, Caribbean; Caribbean
Valiha Island;https://www.privateislandsonline.com/africa/madagascar/valiha-island;950; 4462293.62;Madagascar, Africa; Africa
Lake Saimaa Development;https://www.privateislandsonline.com/europe/finland/lake-saimaa-development;256; 4400000.00;Finland, Europe; Europe
Seaside Escape;https://www.privateislandsonline.com/caribbean/british-virgin-islands/seaside-escape;1; 4250000.00;British Virgin Islands, Caribbean; Caribbean
Montego Caye;https://www.privateislandsonline.com/central-america/belize/montego-caye;119; 4250000.00;Belize, Central America; Central America
Nuku Resort ;https://www.privateislandsonline.com/south-pacific/fiji/nuku-resort;25; 4250000.00;Fiji, South Pacific; South Pacific
Rothwells Island;https://www.privateislandsonline.com/canada/ontario/rothwells-island;1; 419000.00;Ontario, Canada; Canada
82.5 Acres Near Blue Hole;https://www.privateislandsonline.com/central-america/belize/82-5-acres-near-blue-hole;83; 4000000.00;Belize, Central America; Central America
Monroe Island;https://www.privateislandsonline.com/asia/philippines/monroe-island;160; 4000000.00;Philippines, Asia; Asia
Frigate Caye, Placencia;https://www.privateislandsonline.com/central-america/belize/frigate-caye-placencia;3; 4000000.00;Belize, Central America; Central America
Koome Island;https://www.privateislandsonline.com/africa/uganda/koome-island;3053; 4000000.00;Uganda, Africa; Africa
Four Islands in Panama;https://www.privateislandsonline.com/central-america/panama/four-islands-in-panama;45; 4000000.00;Panama, Central America; Central America
3-acre Mangrove Island;https://www.privateislandsonline.com/central-america/panama/3-acre-mangrove-island;3; 40000.00;Panama, Central America; Central America
Salt Cay Parcels;https://www.privateislandsonline.com/caribbean/turksandcaicos/salt-cay-parcels;2; 399000.00;Turks and Caicos, Caribbean; Caribbean
Puenta Vieja Parcel;https://www.privateislandsonline.com/central-america/panama/puenta-vieja-parcel;30; 3988000.00;Panama, Central America; Central America
Greer Island;https://www.privateislandsonline.com/united-states/maine/greer-island;5; 395000.00;Maine, United States; United States
Motu Tane;https://www.privateislandsonline.com/south-pacific/frenchpolynesia/motu-tane-1;10; 39000000.00;French Polynesia, South Pacific; South Pacific
Darby Island;https://www.privateislandsonline.com/caribbean/bahamas/the-exumas/darby-island;554; 39000000.00;The Exumas, Bahamas, Caribbean; Caribbean
Florida Keys Island;https://www.privateislandsonline.com/united-states/florida/florida-keys-island;15; 3900000.00;Florida, United States; United States
0.8-Acre Island in Placencia Village;https://www.privateislandsonline.com/central-america/belize/0-8-acre-island-in-placencia-village;1; 380000.00;Belize, Central America; Central America
Petite Cay;https://www.privateislandsonline.com/caribbean/bahamas/petite-cay;36; 3750000.00;Bahamas, Caribbean; Caribbean
Kingston Key;https://www.privateislandsonline.com/united-states/southcarolina/kingston-key;12; 3750000.00;South Carolina, United States; United States
The Enclave at Placencia Caye;https://www.privateislandsonline.com/central-america/belize/the-enclave-at-placencia-caye;2; 372000.00;Belize, Central America; Central America
Soneva Fushi;https://www.privateislandsonline.com/asia/maldives/soneva-fushi-1;1; 3680000.00;Maldives, Asia; Asia
Koh Jum Island Lodge;https://www.privateislandsonline.com/asia/thailand/koh-jum-island-lodge;7; 3600000.00;Thailand, Asia; Asia
Hummingbird Cay;https://www.privateislandsonline.com/caribbean/bahamas/the-exumas/hummingbird-cay;175; 35000000.00;The Exumas, Bahamas, Caribbean; Caribbean
Little Goat Island;https://www.privateislandsonline.com/united-states/southcarolina/little-goat-island;390; 3500000.00;South Carolina, United States; United States
Isla Bonita;https://www.privateislandsonline.com/south-america/brazil/isla-bonita;20; 3500000.00;Brazil, South America; South America
Whitestone Island;https://www.privateislandsonline.com/canada/britishcolumbia/whitestone-island;6; 3405221.34;British Columbia, Canada; Canada
Norah Island;https://www.privateislandsonline.com/canada/britishcolumbia/norah-island;1; 340522.13;British Columbia, Canada; Canada
Bird Cay and Cat Cay;https://www.privateislandsonline.com/caribbean/bahamas/the-berry-islands/bird-cay-and-cat-cay;267; 34000000.00;The Berry Islands, Bahamas, Caribbean; Caribbean
Fazenda Cipo Island;https://www.privateislandsonline.com/south-america/brazil/fazenda-cipo-island;25; 3346720.21;Brazil, South America; South America
Lihnari Peninsula;https://www.privateislandsonline.com/europe/greece/lihnari-peninsula;95; 3346720.21;Greece, Europe; Europe
Kythnos Island parcel;https://www.privateislandsonline.com/europe/greece/kythnos-island-parceldelisted;187; 3235162.87;Greece, Europe; Europe
South Pimlico Island;https://www.privateislandsonline.com/caribbean/bahamas/eleuthera/south-pimlico-island;65; 3200000.00;Eleuthera, Bahamas, Caribbean; Caribbean
Isla Cui Cui;https://www.privateislandsonline.com/south-america/chile/isla-cui-cui;30; 3200000.00;Chile, South America; South America
Isla Lacao;https://www.privateislandsonline.com/south-america/chile/isla-lacao;206; 3200000.00;Chile, South America; South America
Basin Island;https://www.privateislandsonline.com/united-states/wisconsin/basin-island;26; 3200000.00;Wisconsin, United States; United States
Loud Island;https://www.privateislandsonline.com/united-states/michigan/loud-island;30; 3200000.00;Michigan, United States; United States
4-acre Private Island near Invermere;https://www.privateislandsonline.com/canada/britishcolumbia/4-acre-private-island-near-invermere;4; 3026863.41;British Columbia, Canada; Canada
Tiger Point;https://www.privateislandsonline.com/central-america/belize/tiger-point;359; 3000000.00;Belize, Central America; Central America
Islas Marias;https://www.privateislandsonline.com/central-america/panama/islas-marias;27; 3000000.00;Panama, Central America; Central America
Pucoy Island;https://www.privateislandsonline.com/asia/philippines/pucoy-island;141; 3000000.00;Philippines, Asia; Asia
Lomanisue Bay Freehold One-Acre Lots;https://www.privateislandsonline.com/south-pacific/fiji/lomanisue-bay-freehold-one-acre-lots;1; 300000.00;Fiji, South Pacific; South Pacific
Kadomo Island;https://www.privateislandsonline.com/south-pacific/fiji/kadomo-island;70; 2980000.00;Fiji, South Pacific; South Pacific
Whiskey Island;https://www.privateislandsonline.com/united-states/newyork/whiskey-island;3; 2950000.00;New York, United States; United States
Indigo Breeze Estate;https://www.privateislandsonline.com/caribbean/british-virgin-islands/indigo-breeze-estate;2; 2950000.00;British Virgin Islands, Caribbean; Caribbean
Lark Caye;https://www.privateislandsonline.com/central-america/belize/lark-caye;3; 295000.00;Belize, Central America; Central America
Cambria Island;https://www.privateislandsonline.com/canada/ontario/cambria-island;4; 2947408.25;Ontario, Canada; Canada
Frozen Cay and Alder Cay;https://www.privateislandsonline.com/caribbean/bahamas/the-berry-islands/frozen-cay-and-alder-cay;84; 29000000.00;The Berry Islands, Bahamas, Caribbean; Caribbean
SuperShe Island;https://www.privateislandsonline.com/europe/finland/supershe-island;8; 2900000.00;Finland, Europe; Europe
Amateras;https://www.privateislandsonline.com/caribbean/british-virgin-islands/amateras;2; 2900000.00;British Virgin Islands, Caribbean; Caribbean
Casa Asombrosas;https://www.privateislandsonline.com/caribbean/british-virgin-islands/casa-asombrosas;1; 2900000.00;British Virgin Islands, Caribbean; Caribbean
Cogra Point Peninsula;https://www.privateislandsonline.com/south-pacific/australia/cogra-point-peninsula;28; 2850000.00;Australia, South Pacific; South Pacific
Richards Island;https://www.privateislandsonline.com/canada/novascotia/richards-island;30; 274500.00;Nova Scotia, Canada; Canada
Bird Island;https://www.privateislandsonline.com/united-states/florida/bird-island-1-2;51; 2700000.00;Florida, United States; United States
Cedar Island;https://www.privateislandsonline.com/united-states/northcarolina/cedar-island-nc;202; 2645000.00;North Carolina, United States; United States
The Ridges;https://www.privateislandsonline.com/canada/ontario/georgian-bay/the-ridges;12; 2610669.69;Georgian Bay, Ontario, Canada; Canada
Rainforest Caye;https://www.privateislandsonline.com/central-america/belize/rainforest-caye;37; 2600000.00;Belize, Central America; Central America
Quart A Nancy Point;https://www.privateislandsonline.com/caribbean/british-virgin-islands/quart-a-nancy-point;3; 2575000.00;British Virgin Islands, Caribbean; Caribbean
Villa Bergholmen;https://www.privateislandsonline.com/europe/finland/villa-bergholmen;5; 2565818.83;Finland, Europe; Europe
Island of South Walton;https://www.privateislandsonline.com/united-states/florida/island-of-south-walton;53; 2500000.00;Florida, United States; United States
A Dream Come True Villa;https://www.privateislandsonline.com/caribbean/british-virgin-islands/a-dream-come-true-villa;1; 2500000.00;British Virgin Islands, Caribbean; Caribbean
Hog Island;https://www.privateislandsonline.com/united-states/northcarolina/hog-islandnorthcarolina;600; 2500000.00;North Carolina, United States; United States
South Cocoplum Caye;https://www.privateislandsonline.com/central-america/belize/south-cocoplum-caye;6; 2500000.00;Belize, Central America; Central America
Koro Levu Island;https://www.privateislandsonline.com/south-pacific/fiji/koro-levu-island;8; 2500000.00;Fiji, South Pacific; South Pacific
Paradise Island, Michigan;https://www.privateislandsonline.com/united-states/michigan/paradise-island-michigan;3; 2500000.00;Michigan, United States; United States
Tambor and Magotes Islands;https://www.privateislandsonline.com/central-america/panama/tambor-and-magotes-islands;15; 2500000.00;Panama, Central America; Central America
Morgans Caye;https://www.privateislandsonline.com/central-america/belize/morgans-caye;28; 2500000.00;Belize, Central America; Central America
Nsonga Island;https://www.privateislandsonline.com/africa/uganda/nsonga-island2;149; 2500000.00;Uganda, Africa; Africa
High Cay;https://www.privateislandsonline.com/caribbean/bahamas/san-salvador/high-cay-bahamas;31; 2495000.00;San Salvador, Bahamas, Caribbean; Caribbean
Lera Cay;https://www.privateislandsonline.com/caribbean/bahamas/eleuthera/lera-cay;80; 24000000.00;Eleuthera, Bahamas, Caribbean; Caribbean
Manjack Property;https://www.privateislandsonline.com/caribbean/bahamas/the-abacos/manjack-property;5; 2400000.00;The Abacos , Bahamas, Caribbean; Caribbean
The Carolina Cays;https://www.privateislandsonline.com/united-states/northcarolina/the-carolina-cays;256; 24 islands for sale starting at  299000;North Carolina, United States; United States
Gun Point;https://www.privateislandsonline.com/caribbean/bahamas/eleuthera/gun-point;80; 23500000.00;Eleuthera, Bahamas, Caribbean; Caribbean
Crown Island;https://www.privateislandsonline.com/canada/ontario/muskoka/crown-island;18; 2307983.35;Muskoka , Ontario, Canada; Canada
Sands Island;https://www.privateislandsonline.com/united-states/florida/jacksonville-private-island;7; 2300000.00;Florida, United States; United States
Low Cay;https://www.privateislandsonline.com/caribbean/bahamas/san-salvador/low-cay;25; 2300000.00;San Salvador, Bahamas, Caribbean; Caribbean
Leaf Cay;https://www.privateislandsonline.com/caribbean/bahamas/the-exumas/leaf-cay-exumas;15; 22900000.00;The Exumas, Bahamas, Caribbean; Caribbean
Frying Pan Island;https://www.privateislandsonline.com/canada/ontario/georgian-bay/frying-pan-island;8; 2266363.98;Georgian Bay, Ontario, Canada; Canada
Lakefront Cottages and Golf Course Retreat;https://www.privateislandsonline.com/canada/ontario/georgian-bay/lakefront-cottages-and-golf-course-retreat;40; 2262580.40;Georgian Bay, Ontario, Canada; Canada
Amanda Island;https://www.privateislandsonline.com/canada/ontario/georgian-bay/amanda-island;37; 2255013.24;Georgian Bay, Ontario, Canada; Canada
Lime Tree Bay, Moskito Island;https://www.privateislandsonline.com/caribbean/british-virgin-islands/lime-tree-bay-moskito-island;93; 22500000.00;British Virgin Islands, Caribbean; Caribbean
Bullocks Harbour Cay;https://www.privateislandsonline.com/caribbean/bahamas/the-berry-islands/bullocks-harbour-cay;224; 2240000.00;The Berry Islands, Bahamas, Caribbean; Caribbean
Captiva Key;https://www.privateislandsonline.com/united-states/florida/captiva-key;13; 22000000.00;Florida, United States; United States
Chatham, Sitkoh Bay;https://www.privateislandsonline.com/united-states/alaska/chatham-sitkoh-bay;30; 2200000.00;Alaska, United States; United States
Malvanua Island;https://www.privateislandsonline.com/south-pacific/vanuatu/malvanua-island;26; 2200000.00;Vanuatu, South Pacific; South Pacific
MacLellans Island;https://www.privateislandsonline.com/canada/novascotia/maclellans-island;15; 215000.00;Nova Scotia, Canada; Canada
Spider Caye;https://www.privateislandsonline.com/central-america/belize/spider-caye;1; 215000.00;Belize, Central America; Central America
The Plantation;https://www.privateislandsonline.com/central-america/belize/the-plantation;495; 21000000.00;Belize, Central America; Central America
Little Round Caye;https://www.privateislandsonline.com/central-america/belize/little-round-caye;5; 2100000.00;Belize, Central America; Central America
Ruby Island;https://www.privateislandsonline.com/canada/ontario/georgian-bay/ruby-island;5; 2005297.01;Georgian Bay, Ontario, Canada; Canada
Table Rock Islands;https://www.privateislandsonline.com/canada/ontario/georgian-bay/table-rock-islands;3; 2005297.01;Georgian Bay, Ontario, Canada; Canada
Ile de Caille;https://www.privateislandsonline.com/caribbean/grenada/ile-de-caille;400; 20000000.00;Grenada, Caribbean; Caribbean
Pilotin Island;https://www.privateislandsonline.com/south-pacific/vanuatu/pilotin-islanddown;335; 2000000.00;Vanuatu, South Pacific; South Pacific
Lagoon Caye;https://www.privateislandsonline.com/central-america/belize/lagoon-caye-1;14; 2000000.00;Belize, Central America; Central America
San Miguel Archipelago;https://www.privateislandsonline.com/central-america/panama/san-miguel-archipelago;163; 2000000.00;Panama, Central America; Central America
Les Isle Mouk Mouk;https://www.privateislandsonline.com/canada/quebec/les-isle-mouk-mouk;175; 2000000.00;Quebec, Canada; Canada
Old House Cay;https://www.privateislandsonline.com/united-states/southcarolina/old-house-cay;3; 2000000.00;South Carolina, United States; United States
Big Bullard Cay;https://www.privateislandsonline.com/caribbean/bahamas/the-exumas/big-bullard-cay;97; 2000000.00;The Exumas, Bahamas, Caribbean; Caribbean
Island Lake Property;https://www.privateislandsonline.com/united-states/florida/island-lake-property;5; 1999999.00;Florida, United States; United States
Goring Bogue Caye;https://www.privateislandsonline.com/central-america/belize/goring-bogue-caye;6; 1995000.00;Belize, Central America; Central America
Point Pleasant;https://www.privateislandsonline.com/canada/princeedwardisland/point-pleasant;500; 1950000.00;Prince Edward Island, Canada; Canada
Bracilette Caye Parcel;https://www.privateislandsonline.com/central-america/belize/bracilettecayeparcel;48; 1950000.00;Belize, Central America; Central America
Jwycesska Island;https://www.privateislandsonline.com/caribbean/bahamas/the-abacos/jwycesska-island;351; 19000000.00;The Abacos, Bahamas, Caribbean; Caribbean
Water Foot Caye;https://www.privateislandsonline.com/central-america/belize/water-foot-caye;3; 1900000.00;Belize, Central America; Central America
Black Island;https://www.privateislandsonline.com/united-states/georgia/black-island-1;107; 1900000.00;Georgia, United States; United States
Timber Island;https://www.privateislandsonline.com/united-states/florida/timber-island;34; 1900000.00;Florida, United States; United States
Lamb Island;https://www.privateislandsonline.com/canada/britishcolumbia/lamb-island;1; 1891032.92;British Columbia, Canada; Canada
Tilagica Island;https://www.privateislandsonline.com/south-pacific/fiji/tilagica-island;53; 1875000.00;Fiji, South Pacific; South Pacific
Cistern Cay;https://www.privateislandsonline.com/caribbean/bahamas/the-berry-islands/cistern-cay;82; 1865000.00;The Berry Islands, Bahamas, Caribbean; Caribbean
Saints Bay Island;https://www.privateislandsonline.com/south-america/brazil/saints-bay-island;6; 1860465.12;Brazil, South America; South America
Pumpkin Island, Australia;https://www.privateislandsonline.com/south-pacific/australia/pumpkin-island-australia;15; 18500000.00;Australia, South Pacific; South Pacific
Sarawa Island;https://www.privateislandsonline.com/canada/ontario/georgian-bay/sarawa-island;2; 1816118.05;Georgian Bay, Ontario, Canada; Canada
Clove Cay;https://www.privateislandsonline.com/caribbean/bahamas/the-exumas/clove-cay;144; 18000000.00;The Exumas, Bahamas, Caribbean; Caribbean
Hoffmans Cay;https://www.privateislandsonline.com/caribbean/bahamas/the-berry-islands/hoffmans-cay;214; 18000000.00;The Berry Islands, Bahamas, Caribbean; Caribbean
40-Acre Private Island Near Placencia;https://www.privateislandsonline.com/central-america/belize/40-acre-private-island-near-placencia;40; 1800000.00;Belize, Central America; Central America
Abacos Islands Home;https://www.privateislandsonline.com/caribbean/bahamas/the-abacos/abacos-islands-home;3; 1800000.00;The Abacos, Bahamas, Caribbean; Caribbean
South Saddle Caye;https://www.privateislandsonline.com/central-america/belize/south-saddle-caye-1;5; 1800000.00;Belize, Central America; Central America
Lobreau Island;https://www.privateislandsonline.com/canada/ontario/kawartha-lakes/lobreau-island-1;3; 1789632.99;Kawartha Lakes, Ontario, Canada; Canada
Go Home Bay Archipelago;https://www.privateislandsonline.com/canada/ontario/georgian-bay/go-home-bay-archipelago;2; 1778282.26;Georgian Bay, Ontario, Canada; Canada
800-acre Golfito Bay Property;https://www.privateislandsonline.com/central-america/costa-rica/800-acre-golfito-bay-property;800; 17500000.00;Costa Rica, Central America; Central America
Sturdivant Island;https://www.privateislandsonline.com/united-states/maine/sturdivant-island;3; 1750000.00;Maine, United States; United States
Frozen Cay;https://www.privateislandsonline.com/caribbean/bahamas/the-berry-islands/frozen-cay;40; 17000000.00;The Berry Islands, Bahamas, Caribbean; Caribbean
Spuhn Island Lots;https://www.privateislandsonline.com/united-states/alaska/spuhn-island-lots;2; 169900.00;Alaska, United States; United States
Pimlico Island;https://www.privateislandsonline.com/caribbean/bahamas/eleuthera/pimlico-island;55; 1695000.00;Eleuthera, Bahamas, Caribbean; Caribbean
Zopango Island;https://www.privateislandsonline.com/central-america/nicaragua/zopango-island2;2; 1690000.00;Nicaragua , Central America; Central America
St. Thomas;https://www.privateislandsonline.com/europe/greece/st-thomas;300; 16733601.07;Greece, Europe; Europe
Ustica Island Property;https://www.privateislandsonline.com/europe/italy/ustica-island-property;7; 1673360.11;Italy, Europe; Europe
Calf Island;https://www.privateislandsonline.com/canada/novascotia/calf-island;26; 166477.49;Nova Scotia, Canada; Canada
Rangyai Island;https://www.privateislandsonline.com/asia/thailand/rangyai-island;110; 160000000.00;Thailand, Asia; Asia
World Island Project (D98);https://www.privateislandsonline.com/asia/united-arab-emirates/world-island-project-d98;12; 16000000.00;United Arab Emirates, Asia; Asia
White Cloud Island;https://www.privateislandsonline.com/canada/ontario/georgian-bay/white-cloud-island;36; 1600000.00;Georgian Bay, Ontario, Canada; Canada
Niubavu, Qamea Island;https://www.privateislandsonline.com/south-pacific/fiji/niubavu-qamea-island;225; 1600000.00;Fiji, South Pacific; South Pacific
Paces Mill Island;https://www.privateislandsonline.com/united-states/northcarolina/paces-mill-island;45; 1600000.00;North Carolina, United States; United States
Little Hawkins Island;https://www.privateislandsonline.com/united-states/georgia/little-hawkins-island;4; 15900000.00;Georgia, United States; United States
Double Bay Islands;https://www.privateislandsonline.com/central-america/honduras/double-bay-islands;1; 1590000.00;Honduras, Central America; Central America
Ninth Island;https://www.privateislandsonline.com/south-pacific/australia/ninth-island;40; 1502048.25;Australia, South Pacific; South Pacific
Sao Luis Island Pair;https://www.privateislandsonline.com/south-america/brazil/sao-luis-island-pair;17; 15000000.00;Brazil, South America; South America
Loloma Beachfront Development;https://www.privateislandsonline.com/south-pacific/fiji/loloma-beachfront-development;1528; 15000000.00;Fiji, South Pacific; South Pacific
Alder Cay;https://www.privateislandsonline.com/caribbean/bahamas/the-berry-islands/alder-cay;43; 15000000.00;The Berry Islands, Bahamas, Caribbean; Caribbean
Cebaco Island;https://www.privateislandsonline.com/central-america/panama/cebaco-island;7410; 15000000.00;Panama, Central America; Central America
Hawks Nest Cay, Cat Island;https://www.privateislandsonline.com/caribbean/bahamas/hawks-nest-cay-cat-island;42; 1500000.00;Bahamas, Caribbean; Caribbean
La Sistina;https://www.privateislandsonline.com/south-america/argentina/la-sistina;1730; 1500000.00;Argentina, South America; South America
Pedro Island;https://www.privateislandsonline.com/central-america/belize/pedro-island;3; 1500000.00;Belize, Central America; Central America
Moraine Cay;https://www.privateislandsonline.com/caribbean/bahamas/the-abacos/moraine-cay;30; 1500000.00;The Abacos, Bahamas , Caribbean; Caribbean
Major Island;https://www.privateislandsonline.com/canada/quebec/major-island;412; 1500000.00;Quebec, Canada; Canada
Green Paradise Island;https://www.privateislandsonline.com/asia/philippines/green-paradise-island;32; 1500000.00;Philippines, Asia; Asia
Cockroach Bay;https://www.privateislandsonline.com/central-america/belize/cockroach-bay;10; 150000.00;Belize , Central America; Central America
Deer Caye;https://www.privateislandsonline.com/central-america/belize/deer-caye;603; 14995000.00;Belize, Central America; Central America
Dunsmuir Island;https://www.privateislandsonline.com/canada/britishcolumbia/dunsmuir-island;5; 1490000.00;British Columbia, Canada; Canada
Richardson Island;https://www.privateislandsonline.com/canada/ontario/french-river-area/richardson-island;10; 1475595.91;French River Area, Ontario, Canada; Canada
Private Island on School Section Lake;https://www.privateislandsonline.com/united-states/michigan/private-island-on-school-section-lake;12; 1460000.00;Michigan, United States; United States
St. Andrews Island;https://www.privateislandsonline.com/caribbean/bahamas/ragged-island-chain/st-andrews-island;730; 14500000.00;Ragged Island Chain, Caribbean, Bahamas; Bahamas
Archipelago Resorts;https://www.privateislandsonline.com/asia/philippines/archipelago-resorts;1; 1450000.00;Philippines, Asia; Asia
Kokomo Property;https://www.privateislandsonline.com/caribbean/british-virgin-islands/kokomo;3; 1400000.00;British Virgin Islands , Caribbean; Caribbean
Black Rock Cay;https://www.privateislandsonline.com/central-america/honduras/black-rock-cay;1; 1400000.00;Honduras, Central America; Central America
Fort Montgomery Island;https://www.privateislandsonline.com/united-states/newyork/fort-montgomery-newyork;354; 1400000.00;New York, United States; United States
Invernairn on Mowat Island;https://www.privateislandsonline.com/canada/ontario/invernairn-on-mowat-island;25; 1399924.33;Ontario, Canada; Canada
Cayo Theana;https://www.privateislandsonline.com/central-america/belize/cayo-theana;7; 1350000.00;Belize, Central America; Central America
Ilha do Magalhaes;https://www.privateislandsonline.com/south-america/brazil/ilha-do-magalhaes;1; 1350000.00;Brazil, South America; South America
Angel Island;https://www.privateislandsonline.com/united-states/michigan/angel-island;11; 1350000.00;Michigan , United States; United States
Gull Island, Oregon;https://www.privateislandsonline.com/united-states/oregon/gull-island-oregon;31; 1300000.00;Oregon, United States; United States
Ilha de Sao Joao;https://www.privateislandsonline.com/south-america/brazil/ilhadesaojoao2;5; 1300000.00;Brazil, South America; South America
Zuna Island;https://www.privateislandsonline.com/south-pacific/australia/zuna-island;1; 1300000.00;Australia, South Pacific; South Pacific
Isle of Rest;https://www.privateislandsonline.com/canada/ontario/georgian-bay/isle-of-rest;1; 1282633.37;Georgian Bay, Ontario , Canada; Canada
Camanga Island;https://www.privateislandsonline.com/asia/philippines/camanga-island;75; 1257267.47;Philippines, Asia; Asia
1500 Hectares Island Property;https://www.privateislandsonline.com/central-america/panama/isla-del-rey-property;3707; 12500000.00;Panama, Central America; Central America
Ravens Nest Island;https://www.privateislandsonline.com/united-states/florida/ravens-nest-island;3; 1250000.00;Florida, United States; United States
Bareneck Island;https://www.privateislandsonline.com/united-states/maine/bareneck-island;15; 1250000.00;Maine, United States; United States
No Mans Island;https://www.privateislandsonline.com/united-states/newjersey/no-mans-island;19; 125000.00;New Jersey, United States; United States
The Bay;https://www.privateislandsonline.com/central-america/costa-rica/the-bay;148; 12000000.00;Costa Rica, Central America; Central America
Nananu-I-Cake;https://www.privateislandsonline.com/south-pacific/fiji/nananu-i-cake-fiji;600; 12000000.00;Fiji, South Pacific; South Pacific
An Island Within An Island;https://www.privateislandsonline.com/caribbean/bahamas/an-island-within-an-island;14; 12000000.00;Bahamas, Caribbean; Caribbean
Water Caye;https://www.privateislandsonline.com/central-america/belize/water-caye;567; 12000000.00;Belize, Central America; Central America
Unique Island and Peninsula Property;https://www.privateislandsonline.com/central-america/nicaragua/unique-island-and-peninsula-property;176; 1200000.00;Nicaragua, Central America; Central America
Rabbit Island;https://www.privateislandsonline.com/united-states/vermont/rabbit-island;4; 1200000.00;Vermont, United States; United States
Malafakalava Island;https://www.privateislandsonline.com/south-pacific/tonga/malafakalava-island;2; 1200000.00;Tonga, South Pacific; South Pacific
Green Island, Georgia;https://www.privateislandsonline.com/united-states/georgia/green-island-georgia;450; 11500000.00;Georgia, United States; United States
Phoebe Island;https://www.privateislandsonline.com/united-states/maine/phoebe-island;2; 1150000.00;Maine, United States; United States
5-acre Private Island;https://www.privateislandsonline.com/central-america/belize/5-acre-private-island;5; 1150000.00;Belize, Central America; Central America
Whipperwill North Island;https://www.privateislandsonline.com/canada/ontario/georgian-bay/whipperwill-north-island;4; 1131290.20;Georgian Bay, Ontario, Canada; Canada
Spalathronisi Island;https://www.privateislandsonline.com/europe/greece/spalathronisi-island;26; 11155734.05;Greece, Europe; Europe
Isla Puerco;https://www.privateislandsonline.com/central-america/panama/isla-puerco;160; 11000000.00;Panama, Central America; Central America
Triple Play Ozello;https://www.privateislandsonline.com/united-states/florida/triple-play-ozello;7; 1100000.00;Florida, United States; United States
Jewfish Key Beachfront Lot;https://www.privateislandsonline.com/united-states/florida/jewfish-key-beachfront-lot;1; 1100000.00;Florida, United States; United States
Isla Guapa;https://www.privateislandsonline.com/central-america/panama/isla-guapa;17; 1100000.00;Panama, Central America; Central America
Everglades Escape;https://www.privateislandsonline.com/united-states/florida/everglades-escape;80; 1100000.00;Florida, United States; United States
Gillis Island;https://www.privateislandsonline.com/canada/princeedwardisland/gillis-island;11; 110000.00;Prince Edward Island, Canada; Canada
Ken's Island;https://www.privateislandsonline.com/canada/ontario/ken-s-island;1; 109648.13;Ontario, Canada; Canada
Punta Loros;https://www.privateislandsonline.com/central-america/costa-rica/punta-loros;460; 10900000.00;Costa Rica, Central America; Central America
Davis Island;https://www.privateislandsonline.com/canada/ontario/georgian-bay/davis-island2;10; 1059402.19;Georgian Bay, Ontario, Canada; Canada
Isla Milagrosa;https://www.privateislandsonline.com/asia/philippines/isla-milagrosa;12; 1033484.91;Philippines, Asia; Asia
Rupert Island;https://www.privateislandsonline.com/canada/quebec/rupert-island;5; 1020052.97;Quebec, Canada; Canada
Toad Hall Estate;https://www.privateislandsonline.com/caribbean/british-virgin-islands/toad-hall-estate;6; 10000000.00;British Virgin Islands, Caribbean; Caribbean
Marina Island;https://www.privateislandsonline.com/asia/philippines/marina-island;7; 1000000.00;Philippines, Asia; Asia
Pointe Au Baril Island #C400;https://www.privateislandsonline.com/canada/ontario/pointe-au-baril-island-c400;8; 1000000.00;Ontario, Canada; Canada
3-acre Parcel on Long Island;https://www.privateislandsonline.com/caribbean/bahamas/3-acre-parcel-on-long-island;3; 1000000.00;Bahamas, Caribbean; Caribbean
Chatuge Island;https://www.privateislandsonline.com/united-states/georgia/chatuge-island;4; 1000000.00;Georgia, United States; United States
Evans Island;https://www.privateislandsonline.com/canada/novascotia/evans-island;330; 1000000.00;Nova Scotia, Canada; Canada
Cave Cay;https://www.privateislandsonline.com/caribbean/bahamas/the-exumas/cave-cay;220;  Under Contract;The Exumas, Bahamas, Caribbean; Caribbean
Mowat Island L-727;https://www.privateislandsonline.com/canada/ontario/mowat-island-l-727;14;  Sold;Ontario, Canada; Canada
Picture Island;https://www.privateislandsonline.com/canada/ontario/picture-island;47;  Price Upon Request;Ontario, Canada; Canada
Andrew Bay Island;https://www.privateislandsonline.com/canada/ontario/northern-ontario/andrew-bay-island;4;  870000.00;Northern Ontario, Ontario, Canada; Canada
Wroten Island;https://www.privateislandsonline.com/united-states/maryland/wroten-island;574;  7900000.00;Maryland, United States; United States
Big Tancook Island;https://www.privateislandsonline.com/canada/novascotia/big-tancook-island;12;  68104.43;Nova Scotia, Canada; Canada
Kalgin Island;https://www.privateislandsonline.com/united-states/alaska/kalgin-island;5;  535000 Negotiable;Alaska, United States; United States
Butler Bay Valley;https://www.privateislandsonline.com/caribbean/usvirginislands/butler-bay-valley;29;  2750000 (1031 Exchanges considered);US Virgin Islands, Caribbean; Caribbean
Dan May Island;https://www.privateislandsonline.com/united-states/florida/dan-may-island;72;  2500000.00;Florida, United States; United States
Viscontea Island;https://www.privateislandsonline.com/europe/italy/viscontea-island;1;  1896474.79;Italy, Europe; Europe
Quoin Island;https://www.privateislandsonline.com/south-pacific/australia/quoin-island;12;  1517220.45;Australia, South Pacific; South Pacific
Ilha Paraiso;https://www.privateislandsonline.com/south-america/brazil/ilha-paraiso;22;  1490000 Open to offers;Brazil, South America; South America
Carousel Jeromes Point;https://www.privateislandsonline.com/caribbean/bahamas/the-abacos/carousel-jeromes-point;2;  1475000 negotiable;The Abacos, Bahamas, Caribbean; Caribbean
